key,replace(prop.value,char(10),'~'),cal_id,id,time_created,last_modified,title,priority,privacy,event_start,event_end,event_stamp,event_start_tz,event_end_tz
TRANSP,OPAQUE,f01c98fb-5b30-4ae4-8616-b5cbdb9545ae,49541a79-4a1e-46a5-9ba7-9913fb2623d3,2016-01-19 17:20:49,2016-01-19 17:21:13,Dr Sean,,,2016-01-22 16:45:00,2016-01-22 17:45:00,1453224073000000,America/Chicago,America/Chicago
TRANSP,OPAQUE,f01c98fb-5b30-4ae4-8616-b5cbdb9545ae,c91e4ffa-ce11-4955-9e12-cb4eb3316573,2016-01-13 01:40:59,2016-01-25 14:00:03,Morning Celebrex,,,2016-01-12 14:00:00,2016-01-12 14:00:00,1453730403000000,America/Chicago,America/Chicago
X-MOZ-GENERATION,14,f01c98fb-5b30-4ae4-8616-b5cbdb9545ae,c91e4ffa-ce11-4955-9e12-cb4eb3316573,2016-01-13 01:40:59,2016-01-25 14:00:03,Morning Celebrex,,,2016-01-12 14:00:00,2016-01-12 14:00:00,1453730403000000,America/Chicago,America/Chicago
CATEGORIES,Pills,f01c98fb-5b30-4ae4-8616-b5cbdb9545ae,c91e4ffa-ce11-4955-9e12-cb4eb3316573,2016-01-13 01:40:59,2016-01-25 14:00:03,Morning Celebrex,,,2016-01-12 14:00:00,2016-01-12 14:00:00,1453730403000000,America/Chicago,America/Chicago
TRANSP,OPAQUE,f01c98fb-5b30-4ae4-8616-b5cbdb9545ae,8cb03136-aa3e-4628-8cb9-a633f7572368,2016-01-13 01:36:25,2016-01-27 02:41:10,Evening Celebrex,,,2016-01-13 02:00:00,2016-01-13 02:00:00,1453862470000000,America/Chicago,America/Chicago
X-MOZ-GENERATION,15,f01c98fb-5b30-4ae4-8616-b5cbdb9545ae,8cb03136-aa3e-4628-8cb9-a633f7572368,2016-01-13 01:36:25,2016-01-27 02:41:10,Evening Celebrex,,,2016-01-13 02:00:00,2016-01-13 02:00:00,1453862470000000,America/Chicago,America/Chicago
CATEGORIES,Pills,f01c98fb-5b30-4ae4-8616-b5cbdb9545ae,8cb03136-aa3e-4628-8cb9-a633f7572368,2016-01-13 01:36:25,2016-01-27 02:41:10,Evening Celebrex,,,2016-01-13 02:00:00,2016-01-13 02:00:00,1453862470000000,America/Chicago,America/Chicago
TRANSP,OPAQUE,f01c98fb-5b30-4ae4-8616-b5cbdb9545ae,0c82aaf0-1e0f-4bec-b937-030ea14d62db,2016-01-27 14:47:13,2016-01-27 14:47:23,Dr Sean,,,2016-02-19 16:00:00,2016-02-19 17:00:00,1453906043000000,America/Chicago,America/Chicago
TRANSP,OPAQUE,f01c98fb-5b30-4ae4-8616-b5cbdb9545ae,50a09b32-5f00-42a0-a3f4-6e6829e9a350,2016-01-13 01:42:18,2016-02-02 14:01:40,Aspirin,,,2016-01-12 14:00:00,2016-01-12 14:00:00,1454421700000000,America/Chicago,America/Chicago
X-MOZ-GENERATION,23,f01c98fb-5b30-4ae4-8616-b5cbdb9545ae,50a09b32-5f00-42a0-a3f4-6e6829e9a350,2016-01-13 01:42:18,2016-02-02 14:01:40,Aspirin,,,2016-01-12 14:00:00,2016-01-12 14:00:00,1454421700000000,America/Chicago,America/Chicago
SEQUENCE,1,f01c98fb-5b30-4ae4-8616-b5cbdb9545ae,50a09b32-5f00-42a0-a3f4-6e6829e9a350,2016-01-13 01:42:18,2016-02-02 14:01:40,Aspirin,,,2016-01-12 14:00:00,2016-01-12 14:00:00,1454421700000000,America/Chicago,America/Chicago
CATEGORIES,Pills,f01c98fb-5b30-4ae4-8616-b5cbdb9545ae,50a09b32-5f00-42a0-a3f4-6e6829e9a350,2016-01-13 01:42:18,2016-02-02 14:01:40,Aspirin,,,2016-01-12 14:00:00,2016-01-12 14:00:00,1454421700000000,America/Chicago,America/Chicago
TRANSP,OPAQUE,f01c98fb-5b30-4ae4-8616-b5cbdb9545ae,561bbb11-f9b7-4db9-abdb-27db55f2fe4f,2016-03-06 21:17:35,2016-03-06 21:17:50,Dr Sean,,,2016-03-08 15:45:00,2016-03-08 16:45:00,1457299070000000,America/Chicago,America/Chicago
TRANSP,OPAQUE,f01c98fb-5b30-4ae4-8616-b5cbdb9545ae,b8649eef-218e-485e-9d45-d93d73cec250,2016-03-08 19:54:04,2016-03-08 19:54:28,Dr Sean,,,2016-04-05 14:45:00,2016-04-05 15:45:00,1457466868000000,America/Chicago,America/Chicago
DESCRIPTION,View your event at https://www.google.com/calendar/event?action=VIEW&eid=c3BkcjJ1cWZsODRidmw1bjh1djFjbThyaTggcm9uLnNhcnZlckBob3RzY2hlZHVsZXMuY29t&tok=MzMjbWF0dGhldy53b29kaW5nc0Bob3RzY2hlZHVsZXMuY29tODdhMDljNGRhNGNmYWYzNjIwMTM4NDA3Njk5ZTEwMDA4YTNlY2JlMA&ctz=America/Chicago&hl=en.,f01c98fb-5b30-4ae4-8616-b5cbdb9545ae,spdr2uqfl84bvl5n8uv1cm8ri8@google.com,2016-03-10 15:31:03,2016-03-10 15:41:25,Discuss Differences,,,2016-03-10 16:00:00,2016-03-10 16:30:00,1457624485000000,UTC,UTC
X-LIC-ERROR,No value for LOCATION property. Removing entire property:,f01c98fb-5b30-4ae4-8616-b5cbdb9545ae,spdr2uqfl84bvl5n8uv1cm8ri8@google.com,2016-03-10 15:31:03,2016-03-10 15:41:25,Discuss Differences,,,2016-03-10 16:00:00,2016-03-10 16:30:00,1457624485000000,UTC,UTC
SEQUENCE,0,f01c98fb-5b30-4ae4-8616-b5cbdb9545ae,spdr2uqfl84bvl5n8uv1cm8ri8@google.com,2016-03-10 15:31:03,2016-03-10 15:41:25,Discuss Differences,,,2016-03-10 16:00:00,2016-03-10 16:30:00,1457624485000000,UTC,UTC
TRANSP,OPAQUE,f01c98fb-5b30-4ae4-8616-b5cbdb9545ae,spdr2uqfl84bvl5n8uv1cm8ri8@google.com,2016-03-10 15:31:03,2016-03-10 15:41:25,Discuss Differences,,,2016-03-10 16:00:00,2016-03-10 16:30:00,1457624485000000,UTC,UTC
X-MOZ-RECEIVED-SEQUENCE,0,f01c98fb-5b30-4ae4-8616-b5cbdb9545ae,spdr2uqfl84bvl5n8uv1cm8ri8@google.com,2016-03-10 15:31:03,2016-03-10 15:41:25,Discuss Differences,,,2016-03-10 16:00:00,2016-03-10 16:30:00,1457624485000000,UTC,UTC
X-MOZ-RECEIVED-DTSTAMP,20160310T153103Z,f01c98fb-5b30-4ae4-8616-b5cbdb9545ae,spdr2uqfl84bvl5n8uv1cm8ri8@google.com,2016-03-10 15:31:03,2016-03-10 15:41:25,Discuss Differences,,,2016-03-10 16:00:00,2016-03-10 16:30:00,1457624485000000,UTC,UTC
DESCRIPTION,Erin,  ~~I would like to start the process of pulling NRR into the reporting structure but need some background info.  A high level of what we do, how we collect it, and how we can categorize it (.e.g. training, implementation, PS etc.) will provide us the foundations required to kick this phase off.~~Thanks,~~Matt~View your event at https://www.google.com/calendar/event?action=VIEW&eid=NGRrMTI4MG9pMWtsY3IwcGgyZ2o1dW5hZWMgcm9uLnNhcnZlckBob3RzY2hlZHVsZXMuY29t&tok=MzMjbWF0dGhldy53b29kaW5nc0Bob3RzY2hlZHVsZXMuY29tYjhhYjNhMWFiNzA1MzcyNGUzYTY5NTg0M2QwN2JkYTgzN2MzZTg3NQ&ctz=America/Chicago&hl=en.,f01c98fb-5b30-4ae4-8616-b5cbdb9545ae,4dk1280oi1klcr0ph2gj5unaec@google.com,2016-03-16 17:43:13,2016-03-16 17:43:56,NRR and the Warehouse/Qlik Reporting,,,2016-03-25 17:30:00,2016-03-25 18:30:00,1458150236000000,UTC,UTC
LOCATION,Online,f01c98fb-5b30-4ae4-8616-b5cbdb9545ae,4dk1280oi1klcr0ph2gj5unaec@google.com,2016-03-16 17:43:13,2016-03-16 17:43:56,NRR and the Warehouse/Qlik Reporting,,,2016-03-25 17:30:00,2016-03-25 18:30:00,1458150236000000,UTC,UTC
SEQUENCE,0,f01c98fb-5b30-4ae4-8616-b5cbdb9545ae,4dk1280oi1klcr0ph2gj5unaec@google.com,2016-03-16 17:43:13,2016-03-16 17:43:56,NRR and the Warehouse/Qlik Reporting,,,2016-03-25 17:30:00,2016-03-25 18:30:00,1458150236000000,UTC,UTC
TRANSP,OPAQUE,f01c98fb-5b30-4ae4-8616-b5cbdb9545ae,4dk1280oi1klcr0ph2gj5unaec@google.com,2016-03-16 17:43:13,2016-03-16 17:43:56,NRR and the Warehouse/Qlik Reporting,,,2016-03-25 17:30:00,2016-03-25 18:30:00,1458150236000000,UTC,UTC
X-MOZ-RECEIVED-SEQUENCE,0,f01c98fb-5b30-4ae4-8616-b5cbdb9545ae,4dk1280oi1klcr0ph2gj5unaec@google.com,2016-03-16 17:43:13,2016-03-16 17:43:56,NRR and the Warehouse/Qlik Reporting,,,2016-03-25 17:30:00,2016-03-25 18:30:00,1458150236000000,UTC,UTC
X-MOZ-RECEIVED-DTSTAMP,20160316T174314Z,f01c98fb-5b30-4ae4-8616-b5cbdb9545ae,4dk1280oi1klcr0ph2gj5unaec@google.com,2016-03-16 17:43:13,2016-03-16 17:43:56,NRR and the Warehouse/Qlik Reporting,,,2016-03-25 17:30:00,2016-03-25 18:30:00,1458150236000000,UTC,UTC
DESCRIPTION,View your event at https://www.google.com/calendar/event?action=VIEW&eid=YWViZGMzbTNwMWg3czhzbWhiZmE1OTU4ZzQgcm9uLnNhcnZlckBob3RzY2hlZHVsZXMuY29t&tok=MzIjbGF1cmEubWNkb25vdWdoQGhvdHNjaGVkdWxlcy5jb21lZmQ3NzM5MzhhYTA5Y2QwNDJkNzhlYWUxZmRlMDQzMjU2NjdlYjc3&ctz=America/Chicago&hl=en.,f01c98fb-5b30-4ae4-8616-b5cbdb9545ae,aebdc3m3p1h7s8smhbfa5958g4@google.com,2016-03-24 20:35:30,2016-03-24 20:44:30,DW for Totango (Jitterbit integration),,,2016-03-28 15:00:00,2016-03-28 15:30:00,1458852270000000,UTC,UTC
X-LIC-ERROR,No value for LOCATION property. Removing entire property:,f01c98fb-5b30-4ae4-8616-b5cbdb9545ae,aebdc3m3p1h7s8smhbfa5958g4@google.com,2016-03-24 20:35:30,2016-03-24 20:44:30,DW for Totango (Jitterbit integration),,,2016-03-28 15:00:00,2016-03-28 15:30:00,1458852270000000,UTC,UTC
SEQUENCE,0,f01c98fb-5b30-4ae4-8616-b5cbdb9545ae,aebdc3m3p1h7s8smhbfa5958g4@google.com,2016-03-24 20:35:30,2016-03-24 20:44:30,DW for Totango (Jitterbit integration),,,2016-03-28 15:00:00,2016-03-28 15:30:00,1458852270000000,UTC,UTC
TRANSP,OPAQUE,f01c98fb-5b30-4ae4-8616-b5cbdb9545ae,aebdc3m3p1h7s8smhbfa5958g4@google.com,2016-03-24 20:35:30,2016-03-24 20:44:30,DW for Totango (Jitterbit integration),,,2016-03-28 15:00:00,2016-03-28 15:30:00,1458852270000000,UTC,UTC
X-MOZ-RECEIVED-SEQUENCE,0,f01c98fb-5b30-4ae4-8616-b5cbdb9545ae,aebdc3m3p1h7s8smhbfa5958g4@google.com,2016-03-24 20:35:30,2016-03-24 20:44:30,DW for Totango (Jitterbit integration),,,2016-03-28 15:00:00,2016-03-28 15:30:00,1458852270000000,UTC,UTC
X-MOZ-RECEIVED-DTSTAMP,20160324T203531Z,f01c98fb-5b30-4ae4-8616-b5cbdb9545ae,aebdc3m3p1h7s8smhbfa5958g4@google.com,2016-03-24 20:35:30,2016-03-24 20:44:30,DW for Totango (Jitterbit integration),,,2016-03-28 15:00:00,2016-03-28 15:30:00,1458852270000000,UTC,UTC
DESCRIPTION,Sean wants to see what type of technologies could replace SSAS within MX.~View your event at https://www.google.com/calendar/event?action=VIEW&eid=OGszZjIwaXU0cDljc29lNWJ2dG9nY2tmZjAgcm9uLnNhcnZlckBob3RzY2hlZHVsZXMuY29t&tok=MjcjZGF2ZS5mbHlubkBob3RzY2hlZHVsZXMuY29tOGQ0NmUwYzk2NGU2NDVjNGEyN2MyYWE5OTk5ODc1NmRiYzM4MmFhMw&ctz=America/Chicago&hl=en.,f01c98fb-5b30-4ae4-8616-b5cbdb9545ae,8k3f20iu4p9csoe5bvtogckff0@google.com,2016-03-29 23:05:59,2016-03-29 23:26:08,Technologies to replace the cube,,,2016-03-31 15:00:00,2016-03-31 16:00:00,1459293968000000,UTC,UTC
X-LIC-ERROR,No value for LOCATION property. Removing entire property:,f01c98fb-5b30-4ae4-8616-b5cbdb9545ae,8k3f20iu4p9csoe5bvtogckff0@google.com,2016-03-29 23:05:59,2016-03-29 23:26:08,Technologies to replace the cube,,,2016-03-31 15:00:00,2016-03-31 16:00:00,1459293968000000,UTC,UTC
SEQUENCE,0,f01c98fb-5b30-4ae4-8616-b5cbdb9545ae,8k3f20iu4p9csoe5bvtogckff0@google.com,2016-03-29 23:05:59,2016-03-29 23:26:08,Technologies to replace the cube,,,2016-03-31 15:00:00,2016-03-31 16:00:00,1459293968000000,UTC,UTC
TRANSP,OPAQUE,f01c98fb-5b30-4ae4-8616-b5cbdb9545ae,8k3f20iu4p9csoe5bvtogckff0@google.com,2016-03-29 23:05:59,2016-03-29 23:26:08,Technologies to replace the cube,,,2016-03-31 15:00:00,2016-03-31 16:00:00,1459293968000000,UTC,UTC
X-MOZ-RECEIVED-SEQUENCE,0,f01c98fb-5b30-4ae4-8616-b5cbdb9545ae,8k3f20iu4p9csoe5bvtogckff0@google.com,2016-03-29 23:05:59,2016-03-29 23:26:08,Technologies to replace the cube,,,2016-03-31 15:00:00,2016-03-31 16:00:00,1459293968000000,UTC,UTC
X-MOZ-RECEIVED-DTSTAMP,20160329T230600Z,f01c98fb-5b30-4ae4-8616-b5cbdb9545ae,8k3f20iu4p9csoe5bvtogckff0@google.com,2016-03-29 23:05:59,2016-03-29 23:26:08,Technologies to replace the cube,,,2016-03-31 15:00:00,2016-03-31 16:00:00,1459293968000000,UTC,UTC
DESCRIPTION,View your event at https://www.google.com/calendar/event?action=VIEW&eid=dGo2YmdxMGhtNXEyN2w1cG9lNDZrMjducWMgcm9uLnNhcnZlckBob3RzY2hlZHVsZXMuY29t&tok=MzAjY2FybC5iZW5lZmllbEBob3RzY2hlZHVsZXMuY29tOWFmYjRmNDNkY2NkNmFhNTQ3NjI5ZTY4NTVjMDQ0YzdmNjE3ZTFiYg&ctz=America/Chicago&hl=en.,f01c98fb-5b30-4ae4-8616-b5cbdb9545ae,tj6bgq0hm5q27l5poe46k27nqc@google.com,2016-04-19 13:49:02,2016-04-19 14:35:09,Data Quality,,,2016-04-19 17:00:00,2016-04-19 17:30:00,1461076509000000,UTC,UTC
X-LIC-ERROR,No value for LOCATION property. Removing entire property:,f01c98fb-5b30-4ae4-8616-b5cbdb9545ae,tj6bgq0hm5q27l5poe46k27nqc@google.com,2016-04-19 13:49:02,2016-04-19 14:35:09,Data Quality,,,2016-04-19 17:00:00,2016-04-19 17:30:00,1461076509000000,UTC,UTC
SEQUENCE,0,f01c98fb-5b30-4ae4-8616-b5cbdb9545ae,tj6bgq0hm5q27l5poe46k27nqc@google.com,2016-04-19 13:49:02,2016-04-19 14:35:09,Data Quality,,,2016-04-19 17:00:00,2016-04-19 17:30:00,1461076509000000,UTC,UTC
TRANSP,OPAQUE,f01c98fb-5b30-4ae4-8616-b5cbdb9545ae,tj6bgq0hm5q27l5poe46k27nqc@google.com,2016-04-19 13:49:02,2016-04-19 14:35:09,Data Quality,,,2016-04-19 17:00:00,2016-04-19 17:30:00,1461076509000000,UTC,UTC
X-MOZ-RECEIVED-SEQUENCE,0,f01c98fb-5b30-4ae4-8616-b5cbdb9545ae,tj6bgq0hm5q27l5poe46k27nqc@google.com,2016-04-19 13:49:02,2016-04-19 14:35:09,Data Quality,,,2016-04-19 17:00:00,2016-04-19 17:30:00,1461076509000000,UTC,UTC
X-MOZ-RECEIVED-DTSTAMP,20160419T134903Z,f01c98fb-5b30-4ae4-8616-b5cbdb9545ae,tj6bgq0hm5q27l5poe46k27nqc@google.com,2016-04-19 13:49:02,2016-04-19 14:35:09,Data Quality,,,2016-04-19 17:00:00,2016-04-19 17:30:00,1461076509000000,UTC,UTC
DESCRIPTION,Hi All - This is the weekly revenue dashboard review and Churn confirmation. Churn will be the focus the first week as a test case and we'll adjust from there. But we all need to work through this quickly so we can all stand behind this as system of record for revenue/revenue rep/expansion/upsell/churn and eventually much more.~~Dave/Brooke - You're invitation is optional. ~~Agenda:~1. Review the data accuracy to drive confidence and buy in on the data.~2. Error analysis: Is it data entry in netsuite (finance) salesforce (CSM/Sales) or something in the calculations~3. Action - what does Churn tell us relative to comp plans, implementation process, bundling etc?~4. Data presentation - what can be improved with the charting and visuals?~5. What are the priorities for additional views/analysis/comparative data points?~View your event at https://www.google.com/calendar/event?action=VIEW&eid=djU3bTdzcjA1M3E4ODZnam5wb3VrM2xrb3Mgcm9uLnNhcnZlckBob3RzY2hlZHVsZXMuY29t&tok=MzAjY2FybC5iZW5lZmllbEBob3RzY2hlZHVsZXMuY29tNmRlOTMyOTFlNzEyOWZhMDBhMWM4YzI5Y2ZmOWE4OWE5Mjg5ZmI5Mw&ctz=America/Chicago&hl=en.,f01c98fb-5b30-4ae4-8616-b5cbdb9545ae,v57m7sr053q886gjnpouk3lkos@google.com,2016-04-11 22:37:41,2016-04-19 16:20:09,MRR Revenue and Churn Review,,,2016-04-14 13:30:00,2016-04-14 14:30:00,1461082809000000,America/Denver,America/Denver
X-LIC-ERROR,No value for LOCATION property. Removing entire property:,f01c98fb-5b30-4ae4-8616-b5cbdb9545ae,v57m7sr053q886gjnpouk3lkos@google.com,2016-04-11 22:37:41,2016-04-19 16:20:09,MRR Revenue and Churn Review,,,2016-04-14 13:30:00,2016-04-14 14:30:00,1461082809000000,America/Denver,America/Denver
SEQUENCE,1,f01c98fb-5b30-4ae4-8616-b5cbdb9545ae,v57m7sr053q886gjnpouk3lkos@google.com,2016-04-11 22:37:41,2016-04-19 16:20:09,MRR Revenue and Churn Review,,,2016-04-14 13:30:00,2016-04-14 14:30:00,1461082809000000,America/Denver,America/Denver
TRANSP,OPAQUE,f01c98fb-5b30-4ae4-8616-b5cbdb9545ae,v57m7sr053q886gjnpouk3lkos@google.com,2016-04-11 22:37:41,2016-04-19 16:20:09,MRR Revenue and Churn Review,,,2016-04-14 13:30:00,2016-04-14 14:30:00,1461082809000000,America/Denver,America/Denver
X-MOZ-RECEIVED-SEQUENCE,1,f01c98fb-5b30-4ae4-8616-b5cbdb9545ae,v57m7sr053q886gjnpouk3lkos@google.com,2016-04-11 22:37:41,2016-04-19 16:20:09,MRR Revenue and Churn Review,,,2016-04-14 13:30:00,2016-04-14 14:30:00,1461082809000000,America/Denver,America/Denver
X-MOZ-RECEIVED-DTSTAMP,20160419T161828Z,f01c98fb-5b30-4ae4-8616-b5cbdb9545ae,v57m7sr053q886gjnpouk3lkos@google.com,2016-04-11 22:37:41,2016-04-19 16:20:09,MRR Revenue and Churn Review,,,2016-04-14 13:30:00,2016-04-14 14:30:00,1461082809000000,America/Denver,America/Denver
DESCRIPTION,Hi Matt - I know Mondays are busy. Perhaps this is better pointed at Ron then. The data we loaded, unfortunately doesn't match either Melissa's data nor the DW. I haven't been able to then to get to any effective analysis. This call is meant to trouble shoot that so we can keep this moving.~View your event at https://www.google.com/calendar/event?action=VIEW&eid=dmg3NGhqdWp2dW45bGloYzNnbGI3NmdzazAgcm9uLnNhcnZlckBob3RzY2hlZHVsZXMuY29t&tok=MzAjY2FybC5iZW5lZmllbEBob3RzY2hlZHVsZXMuY29tZjA0NjYzMjdjYmM4NGQwODVlZTVhNzAzMzVmMjVmYzk2NTE4ZjAzNQ&ctz=America/Chicago&hl=en.,f01c98fb-5b30-4ae4-8616-b5cbdb9545ae,vh74hjujvun9lihc3glb76gsk0@google.com,2016-04-22 20:02:52,2016-04-22 20:37:08,DW vs. Melissa Data,,,2016-04-25 13:30:00,2016-04-25 14:30:00,1461357428000000,UTC,UTC
X-LIC-ERROR,No value for LOCATION property. Removing entire property:,f01c98fb-5b30-4ae4-8616-b5cbdb9545ae,vh74hjujvun9lihc3glb76gsk0@google.com,2016-04-22 20:02:52,2016-04-22 20:37:08,DW vs. Melissa Data,,,2016-04-25 13:30:00,2016-04-25 14:30:00,1461357428000000,UTC,UTC
SEQUENCE,0,f01c98fb-5b30-4ae4-8616-b5cbdb9545ae,vh74hjujvun9lihc3glb76gsk0@google.com,2016-04-22 20:02:52,2016-04-22 20:37:08,DW vs. Melissa Data,,,2016-04-25 13:30:00,2016-04-25 14:30:00,1461357428000000,UTC,UTC
TRANSP,OPAQUE,f01c98fb-5b30-4ae4-8616-b5cbdb9545ae,vh74hjujvun9lihc3glb76gsk0@google.com,2016-04-22 20:02:52,2016-04-22 20:37:08,DW vs. Melissa Data,,,2016-04-25 13:30:00,2016-04-25 14:30:00,1461357428000000,UTC,UTC
X-MOZ-RECEIVED-SEQUENCE,0,f01c98fb-5b30-4ae4-8616-b5cbdb9545ae,vh74hjujvun9lihc3glb76gsk0@google.com,2016-04-22 20:02:52,2016-04-22 20:37:08,DW vs. Melissa Data,,,2016-04-25 13:30:00,2016-04-25 14:30:00,1461357428000000,UTC,UTC
X-MOZ-RECEIVED-DTSTAMP,20160422T202459Z,f01c98fb-5b30-4ae4-8616-b5cbdb9545ae,vh74hjujvun9lihc3glb76gsk0@google.com,2016-04-22 20:02:52,2016-04-22 20:37:08,DW vs. Melissa Data,,,2016-04-25 13:30:00,2016-04-25 14:30:00,1461357428000000,UTC,UTC
DESCRIPTION,Hi - Sorry about the late notice, but this is the only time that works tomorrow. Hope you can make it. We really need to keep pushing this through.~~Thanks much for you patience here.~~~~View your event at https://www.google.com/calendar/event?action=VIEW&eid=NmZscm1hamNjYmY0MzQyZW9nYTdkM2pyMzAgcm9uLnNhcnZlckBob3RzY2hlZHVsZXMuY29t&tok=MzAjY2FybC5iZW5lZmllbEBob3RzY2hlZHVsZXMuY29tYjY1YWJkMzY3MDNlZjJiYzcxNWRiOWQ0ZTQzOGU4YTU5MzcyNWMwYg&ctz=America/Chicago&hl=en.,f01c98fb-5b30-4ae4-8616-b5cbdb9545ae,6flrmajccbf4342eoga7d3jr30@google.com,2016-04-25 22:09:30,2016-04-26 12:31:44,Questions on churn calc,,,2016-04-26 13:30:00,2016-04-26 14:30:00,1461673904000000,UTC,UTC
X-LIC-ERROR,No value for LOCATION property. Removing entire property:,f01c98fb-5b30-4ae4-8616-b5cbdb9545ae,6flrmajccbf4342eoga7d3jr30@google.com,2016-04-25 22:09:30,2016-04-26 12:31:44,Questions on churn calc,,,2016-04-26 13:30:00,2016-04-26 14:30:00,1461673904000000,UTC,UTC
SEQUENCE,0,f01c98fb-5b30-4ae4-8616-b5cbdb9545ae,6flrmajccbf4342eoga7d3jr30@google.com,2016-04-25 22:09:30,2016-04-26 12:31:44,Questions on churn calc,,,2016-04-26 13:30:00,2016-04-26 14:30:00,1461673904000000,UTC,UTC
TRANSP,OPAQUE,f01c98fb-5b30-4ae4-8616-b5cbdb9545ae,6flrmajccbf4342eoga7d3jr30@google.com,2016-04-25 22:09:30,2016-04-26 12:31:44,Questions on churn calc,,,2016-04-26 13:30:00,2016-04-26 14:30:00,1461673904000000,UTC,UTC
X-MOZ-RECEIVED-SEQUENCE,0,f01c98fb-5b30-4ae4-8616-b5cbdb9545ae,6flrmajccbf4342eoga7d3jr30@google.com,2016-04-25 22:09:30,2016-04-26 12:31:44,Questions on churn calc,,,2016-04-26 13:30:00,2016-04-26 14:30:00,1461673904000000,UTC,UTC
X-MOZ-RECEIVED-DTSTAMP,20160425T220931Z,f01c98fb-5b30-4ae4-8616-b5cbdb9545ae,6flrmajccbf4342eoga7d3jr30@google.com,2016-04-25 22:09:30,2016-04-26 12:31:44,Questions on churn calc,,,2016-04-26 13:30:00,2016-04-26 14:30:00,1461673904000000,UTC,UTC
DESCRIPTION,All:  Please join me Wednesday morning to share some team updates with the group.  ~~-Liz~View your event at https://www.google.com/calendar/event?action=VIEW&eid=bjZqcTR2dHVzYmtyYWUxbjVsaTJiZ2c2Ymsgcm9uLnNhcnZlckBob3RzY2hlZHVsZXMuY29t&tok=MzMjZWxpemFiZXRoLnNhcnRpbkBob3RzY2hlZHVsZXMuY29tZmY4MDg2MTMzODYxZjBmMjE5MGZiODk1ZjdhMWE2ZmNhMWE2ZDU3NA&ctz=America/Chicago&hl=en.,f01c98fb-5b30-4ae4-8616-b5cbdb9545ae,n6jq4vtusbkrae1n5li2bgg6bk@google.com,2016-04-27 20:19:27,2016-04-27 20:23:33,Quick Austin Product/Dev/SaaS Ops Team standup,,,2016-05-04 15:30:00,2016-05-04 16:00:00,1461788613000000,UTC,UTC
LOCATION,Backyard conf. room,f01c98fb-5b30-4ae4-8616-b5cbdb9545ae,n6jq4vtusbkrae1n5li2bgg6bk@google.com,2016-04-27 20:19:27,2016-04-27 20:23:33,Quick Austin Product/Dev/SaaS Ops Team standup,,,2016-05-04 15:30:00,2016-05-04 16:00:00,1461788613000000,UTC,UTC
SEQUENCE,0,f01c98fb-5b30-4ae4-8616-b5cbdb9545ae,n6jq4vtusbkrae1n5li2bgg6bk@google.com,2016-04-27 20:19:27,2016-04-27 20:23:33,Quick Austin Product/Dev/SaaS Ops Team standup,,,2016-05-04 15:30:00,2016-05-04 16:00:00,1461788613000000,UTC,UTC
TRANSP,OPAQUE,f01c98fb-5b30-4ae4-8616-b5cbdb9545ae,n6jq4vtusbkrae1n5li2bgg6bk@google.com,2016-04-27 20:19:27,2016-04-27 20:23:33,Quick Austin Product/Dev/SaaS Ops Team standup,,,2016-05-04 15:30:00,2016-05-04 16:00:00,1461788613000000,UTC,UTC
X-MOZ-RECEIVED-SEQUENCE,0,f01c98fb-5b30-4ae4-8616-b5cbdb9545ae,n6jq4vtusbkrae1n5li2bgg6bk@google.com,2016-04-27 20:19:27,2016-04-27 20:23:33,Quick Austin Product/Dev/SaaS Ops Team standup,,,2016-05-04 15:30:00,2016-05-04 16:00:00,1461788613000000,UTC,UTC
X-MOZ-RECEIVED-DTSTAMP,20160427T201930Z,f01c98fb-5b30-4ae4-8616-b5cbdb9545ae,n6jq4vtusbkrae1n5li2bgg6bk@google.com,2016-04-27 20:19:27,2016-04-27 20:23:33,Quick Austin Product/Dev/SaaS Ops Team standup,,,2016-05-04 15:30:00,2016-05-04 16:00:00,1461788613000000,UTC,UTC
DESCRIPTION,View your event at https://www.google.com/calendar/event?action=VIEW&eid=MDBlYW4xbmh1YjA0YWhwbzFyN3JvZW84aDQgcm9uLnNhcnZlckBob3RzY2hlZHVsZXMuY29t&tok=MzAjY2FybC5iZW5lZmllbEBob3RzY2hlZHVsZXMuY29tNDczY2NjYTBjNzhiZWJmMzcyYWQ3OWU5Mjk2ZmZiOTQxM2E0ODJhMA&ctz=America/Chicago&hl=en.,f01c98fb-5b30-4ae4-8616-b5cbdb9545ae,00ean1nhub04ahpo1r7roeo8h4@google.com,2016-05-07 02:53:06,2016-05-07 11:53:33,DW and WhiteSpace Requirements,,,2016-05-09 13:30:00,2016-05-09 14:30:00,1462622013000000,UTC,UTC
X-LIC-ERROR,No value for LOCATION property. Removing entire property:,f01c98fb-5b30-4ae4-8616-b5cbdb9545ae,00ean1nhub04ahpo1r7roeo8h4@google.com,2016-05-07 02:53:06,2016-05-07 11:53:33,DW and WhiteSpace Requirements,,,2016-05-09 13:30:00,2016-05-09 14:30:00,1462622013000000,UTC,UTC
SEQUENCE,1,f01c98fb-5b30-4ae4-8616-b5cbdb9545ae,00ean1nhub04ahpo1r7roeo8h4@google.com,2016-05-07 02:53:06,2016-05-07 11:53:33,DW and WhiteSpace Requirements,,,2016-05-09 13:30:00,2016-05-09 14:30:00,1462622013000000,UTC,UTC
TRANSP,OPAQUE,f01c98fb-5b30-4ae4-8616-b5cbdb9545ae,00ean1nhub04ahpo1r7roeo8h4@google.com,2016-05-07 02:53:06,2016-05-07 11:53:33,DW and WhiteSpace Requirements,,,2016-05-09 13:30:00,2016-05-09 14:30:00,1462622013000000,UTC,UTC
X-MOZ-RECEIVED-SEQUENCE,1,f01c98fb-5b30-4ae4-8616-b5cbdb9545ae,00ean1nhub04ahpo1r7roeo8h4@google.com,2016-05-07 02:53:06,2016-05-07 11:53:33,DW and WhiteSpace Requirements,,,2016-05-09 13:30:00,2016-05-09 14:30:00,1462622013000000,UTC,UTC
X-MOZ-RECEIVED-DTSTAMP,20160507T025650Z,f01c98fb-5b30-4ae4-8616-b5cbdb9545ae,00ean1nhub04ahpo1r7roeo8h4@google.com,2016-05-07 02:53:06,2016-05-07 11:53:33,DW and WhiteSpace Requirements,,,2016-05-09 13:30:00,2016-05-09 14:30:00,1462622013000000,UTC,UTC
DESCRIPTION,View your event at https://www.google.com/calendar/event?action=VIEW&eid=MzA1ZTZiMmk2ZXE0NW9lMDU2a3JzMzhwdDggcm9uLnNhcnZlckBob3RzY2hlZHVsZXMuY29t&tok=MzAjY2FybC5iZW5lZmllbEBob3RzY2hlZHVsZXMuY29tYWVhMWRmM2RlZDRlODRjNjMyNDliMGIxNmEyYTliMGMxMDcxNDJjNg&ctz=America/Chicago&hl=en.,f01c98fb-5b30-4ae4-8616-b5cbdb9545ae,305e6b2i6eq45oe056krs38pt8@google.com,2016-05-10 11:35:56,2016-05-10 11:38:18,Sales CSM in DW Check In & Churn Plan,,,2016-05-10 17:00:00,2016-05-10 17:30:00,1462880298000000,UTC,UTC
LOCATION,DW Check In & Churn Plan,f01c98fb-5b30-4ae4-8616-b5cbdb9545ae,305e6b2i6eq45oe056krs38pt8@google.com,2016-05-10 11:35:56,2016-05-10 11:38:18,Sales CSM in DW Check In & Churn Plan,,,2016-05-10 17:00:00,2016-05-10 17:30:00,1462880298000000,UTC,UTC
SEQUENCE,1,f01c98fb-5b30-4ae4-8616-b5cbdb9545ae,305e6b2i6eq45oe056krs38pt8@google.com,2016-05-10 11:35:56,2016-05-10 11:38:18,Sales CSM in DW Check In & Churn Plan,,,2016-05-10 17:00:00,2016-05-10 17:30:00,1462880298000000,UTC,UTC
TRANSP,OPAQUE,f01c98fb-5b30-4ae4-8616-b5cbdb9545ae,305e6b2i6eq45oe056krs38pt8@google.com,2016-05-10 11:35:56,2016-05-10 11:38:18,Sales CSM in DW Check In & Churn Plan,,,2016-05-10 17:00:00,2016-05-10 17:30:00,1462880298000000,UTC,UTC
X-MOZ-RECEIVED-SEQUENCE,1,f01c98fb-5b30-4ae4-8616-b5cbdb9545ae,305e6b2i6eq45oe056krs38pt8@google.com,2016-05-10 11:35:56,2016-05-10 11:38:18,Sales CSM in DW Check In & Churn Plan,,,2016-05-10 17:00:00,2016-05-10 17:30:00,1462880298000000,UTC,UTC
X-MOZ-RECEIVED-DTSTAMP,20160510T113701Z,f01c98fb-5b30-4ae4-8616-b5cbdb9545ae,305e6b2i6eq45oe056krs38pt8@google.com,2016-05-10 11:35:56,2016-05-10 11:38:18,Sales CSM in DW Check In & Churn Plan,,,2016-05-10 17:00:00,2016-05-10 17:30:00,1462880298000000,UTC,UTC
DESCRIPTION,Hi - As you're aware, all the good work you've done is starting to get out into the world. A world starved for data. BUT we're still stuck - at least to my knowledge - without good Expansion/Upsell/Churn/New data. I'm hoping you Melissa and Ron as the data Jedi and NS Nija, you can put your minds together and help definitively ID the problems and way forward. Then on this call, let's decide what you need in terms of help or resources to get there. ~View your event at https://www.google.com/calendar/event?action=VIEW&eid=djJrZGU0amFhcHJoYTc1ZXMyc3ZxNzRhNW8gcm9uLnNhcnZlckBob3RzY2hlZHVsZXMuY29t&tok=MzAjY2FybC5iZW5lZmllbEBob3RzY2hlZHVsZXMuY29tZmFmYTU4ZWEyZDQ4YjdkYzU5MjQxZDZmNzk5MGJmN2I1N2Q4YTRmZQ&ctz=America/Chicago&hl=en.,f01c98fb-5b30-4ae4-8616-b5cbdb9545ae,v2kde4jaaprha75es2svq74a5o@google.com,2016-05-19 21:41:50,2016-05-20 00:51:24,MRR Subcategory Summit,,,2016-05-24 13:30:00,2016-05-24 14:30:00,1463705484000000,UTC,UTC
X-LIC-ERROR,No value for LOCATION property. Removing entire property:,f01c98fb-5b30-4ae4-8616-b5cbdb9545ae,v2kde4jaaprha75es2svq74a5o@google.com,2016-05-19 21:41:50,2016-05-20 00:51:24,MRR Subcategory Summit,,,2016-05-24 13:30:00,2016-05-24 14:30:00,1463705484000000,UTC,UTC
SEQUENCE,0,f01c98fb-5b30-4ae4-8616-b5cbdb9545ae,v2kde4jaaprha75es2svq74a5o@google.com,2016-05-19 21:41:50,2016-05-20 00:51:24,MRR Subcategory Summit,,,2016-05-24 13:30:00,2016-05-24 14:30:00,1463705484000000,UTC,UTC
TRANSP,OPAQUE,f01c98fb-5b30-4ae4-8616-b5cbdb9545ae,v2kde4jaaprha75es2svq74a5o@google.com,2016-05-19 21:41:50,2016-05-20 00:51:24,MRR Subcategory Summit,,,2016-05-24 13:30:00,2016-05-24 14:30:00,1463705484000000,UTC,UTC
X-MOZ-RECEIVED-SEQUENCE,0,f01c98fb-5b30-4ae4-8616-b5cbdb9545ae,v2kde4jaaprha75es2svq74a5o@google.com,2016-05-19 21:41:50,2016-05-20 00:51:24,MRR Subcategory Summit,,,2016-05-24 13:30:00,2016-05-24 14:30:00,1463705484000000,UTC,UTC
X-MOZ-RECEIVED-DTSTAMP,20160519T214151Z,f01c98fb-5b30-4ae4-8616-b5cbdb9545ae,v2kde4jaaprha75es2svq74a5o@google.com,2016-05-19 21:41:50,2016-05-20 00:51:24,MRR Subcategory Summit,,,2016-05-24 13:30:00,2016-05-24 14:30:00,1463705484000000,UTC,UTC
DESCRIPTION,View your event at https://www.google.com/calendar/event?action=VIEW&eid=cmY3NmM0a3VoOWhxZW8ycHNjbW82MnB0OWcgcm9uLnNhcnZlckBob3RzY2hlZHVsZXMuY29t&tok=MzIjbWVsaXNzYS5kcmFnb251QGhvdHNjaGVkdWxlcy5jb200OGMwZGI2MDEyYmVlY2FiMzBkNTE2MTcxOGE5YWQ0Zjk0NzA1ZTc5&ctz=America/Chicago&hl=en.,f01c98fb-5b30-4ae4-8616-b5cbdb9545ae,rf76c4kuh9hqeo2pscmo62pt9g@google.com,2016-05-23 13:45:55,2016-05-23 14:03:55,Discuss MX Churn/Expansion,,,2016-05-23 19:00:00,2016-05-23 19:30:00,1464012235000000,UTC,UTC
X-LIC-ERROR,No value for LOCATION property. Removing entire property:,f01c98fb-5b30-4ae4-8616-b5cbdb9545ae,rf76c4kuh9hqeo2pscmo62pt9g@google.com,2016-05-23 13:45:55,2016-05-23 14:03:55,Discuss MX Churn/Expansion,,,2016-05-23 19:00:00,2016-05-23 19:30:00,1464012235000000,UTC,UTC
SEQUENCE,0,f01c98fb-5b30-4ae4-8616-b5cbdb9545ae,rf76c4kuh9hqeo2pscmo62pt9g@google.com,2016-05-23 13:45:55,2016-05-23 14:03:55,Discuss MX Churn/Expansion,,,2016-05-23 19:00:00,2016-05-23 19:30:00,1464012235000000,UTC,UTC
TRANSP,OPAQUE,f01c98fb-5b30-4ae4-8616-b5cbdb9545ae,rf76c4kuh9hqeo2pscmo62pt9g@google.com,2016-05-23 13:45:55,2016-05-23 14:03:55,Discuss MX Churn/Expansion,,,2016-05-23 19:00:00,2016-05-23 19:30:00,1464012235000000,UTC,UTC
X-MOZ-RECEIVED-SEQUENCE,0,f01c98fb-5b30-4ae4-8616-b5cbdb9545ae,rf76c4kuh9hqeo2pscmo62pt9g@google.com,2016-05-23 13:45:55,2016-05-23 14:03:55,Discuss MX Churn/Expansion,,,2016-05-23 19:00:00,2016-05-23 19:30:00,1464012235000000,UTC,UTC
X-MOZ-RECEIVED-DTSTAMP,20160523T134555Z,f01c98fb-5b30-4ae4-8616-b5cbdb9545ae,rf76c4kuh9hqeo2pscmo62pt9g@google.com,2016-05-23 13:45:55,2016-05-23 14:03:55,Discuss MX Churn/Expansion,,,2016-05-23 19:00:00,2016-05-23 19:30:00,1464012235000000,UTC,UTC
TRANSP,TRANSPARENT,f01c98fb-5b30-4ae4-8616-b5cbdb9545ae,99546dc4-7a92-4c7f-ae17-c1c297e61cbd,2016-05-26 18:12:02,2016-05-26 18:12:46,Vacation,,,2016-11-06 00:00:00,2016-11-24 00:00:00,1464286366000000,floating,floating
DESCRIPTION,emirates.com cgw8f2,f01c98fb-5b30-4ae4-8616-b5cbdb9545ae,99546dc4-7a92-4c7f-ae17-c1c297e61cbd,2016-05-26 18:12:02,2016-05-26 18:12:46,Vacation,,,2016-11-06 00:00:00,2016-11-24 00:00:00,1464286366000000,floating,floating
CATEGORIES,Travel,Vacation,f01c98fb-5b30-4ae4-8616-b5cbdb9545ae,99546dc4-7a92-4c7f-ae17-c1c297e61cbd,2016-05-26 18:12:02,2016-05-26 18:12:46,Vacation,,,2016-11-06 00:00:00,2016-11-24 00:00:00,1464286366000000,floating,floating
DESCRIPTION,View your event at https://www.google.com/calendar/event?action=VIEW&eid=NWJxYmdxMzk2OTYycGRpN2MwajNlMG0ybzAgcm9uLnNhcnZlckBob3RzY2hlZHVsZXMuY29t&tok=MzAjY2FybC5iZW5lZmllbEBob3RzY2hlZHVsZXMuY29tNTdiMWIyZGUxYjY2MjNkN2YzMzc2MjA1ZWQ2MWJmNTcyNWI5NzgyOQ&ctz=America/Chicago&hl=en.,f01c98fb-5b30-4ae4-8616-b5cbdb9545ae,5bqbgq396962pdi7c0j3e0m2o0@google.com,2016-06-02 17:05:45,2016-06-02 17:51:34,Churn Decision - DW or no for May,,,2016-06-03 19:30:00,2016-06-03 20:30:00,1464889894000000,UTC,UTC
X-LIC-ERROR,No value for LOCATION property. Removing entire property:,f01c98fb-5b30-4ae4-8616-b5cbdb9545ae,5bqbgq396962pdi7c0j3e0m2o0@google.com,2016-06-02 17:05:45,2016-06-02 17:51:34,Churn Decision - DW or no for May,,,2016-06-03 19:30:00,2016-06-03 20:30:00,1464889894000000,UTC,UTC
SEQUENCE,1,f01c98fb-5b30-4ae4-8616-b5cbdb9545ae,5bqbgq396962pdi7c0j3e0m2o0@google.com,2016-06-02 17:05:45,2016-06-02 17:51:34,Churn Decision - DW or no for May,,,2016-06-03 19:30:00,2016-06-03 20:30:00,1464889894000000,UTC,UTC
TRANSP,OPAQUE,f01c98fb-5b30-4ae4-8616-b5cbdb9545ae,5bqbgq396962pdi7c0j3e0m2o0@google.com,2016-06-02 17:05:45,2016-06-02 17:51:34,Churn Decision - DW or no for May,,,2016-06-03 19:30:00,2016-06-03 20:30:00,1464889894000000,UTC,UTC
X-MOZ-RECEIVED-SEQUENCE,1,f01c98fb-5b30-4ae4-8616-b5cbdb9545ae,5bqbgq396962pdi7c0j3e0m2o0@google.com,2016-06-02 17:05:45,2016-06-02 17:51:34,Churn Decision - DW or no for May,,,2016-06-03 19:30:00,2016-06-03 20:30:00,1464889894000000,UTC,UTC
X-MOZ-RECEIVED-DTSTAMP,20160602T174717Z,f01c98fb-5b30-4ae4-8616-b5cbdb9545ae,5bqbgq396962pdi7c0j3e0m2o0@google.com,2016-06-02 17:05:45,2016-06-02 17:51:34,Churn Decision - DW or no for May,,,2016-06-03 19:30:00,2016-06-03 20:30:00,1464889894000000,UTC,UTC
X-MOZ-GENERATION,1,f01c98fb-5b30-4ae4-8616-b5cbdb9545ae,5bqbgq396962pdi7c0j3e0m2o0@google.com,2016-06-02 17:05:45,2016-06-02 17:51:34,Churn Decision - DW or no for May,,,2016-06-03 19:30:00,2016-06-03 20:30:00,1464889894000000,UTC,UTC
DESCRIPTION,"Per my email the purpose of this call is to confirm the May data set is correct, answer any questions, and then validate all the next steps to get to final analysis/recommendation this week.~~1. Jon - Can you please help us with a definitive answer on those accounts marked ""not aware of any churn on this account"". We need to be precise.~2. Brittney/Ryan - Can you please carve out time to review your respective customer today please and return any adjustments/changes COB so the next stage of analysis can begin? I can't start cohort or analysis until this is done.~3. Matt/Ron - We need to understand the deltas with Qlik for May and determine if we can expedite May analysis with Qlik. Qlik has $55k for May but includes OTB and Lasco which alone would put the comparable May Qlik value at $43. That alone puts the delta at $7k or 14%. We will have to be able to explain the delta. Those 2 we know. What about the rest.~View your event at https://www.google.com/calendar/event?action=VIEW&eid=dmtiOTRnM2M5dnZmbmlocWJzY2hqOHA1YTggcm9uLnNhcnZlckBob3RzY2hlZHVsZXMuY29t&tok=MzAjY2FybC5iZW5lZmllbEBob3RzY2hlZHVsZXMuY29tZGRiYzQwNzY0ZTFmZDUzNGM3ODU5MGU4YzQ5MmFjM2RmOWY0ZDFmNA&ctz=America/Chicago&hl=en.",f01c98fb-5b30-4ae4-8616-b5cbdb9545ae,vkb94g3c9vvfnihqbschj8p5a8@google.com,2016-06-07 17:07:03,2016-06-07 17:14:09,2016 05 Churn,,,2016-06-08 13:00:00,2016-06-08 14:00:00,1465319649000000,UTC,UTC
X-LIC-ERROR,No value for LOCATION property. Removing entire property:,f01c98fb-5b30-4ae4-8616-b5cbdb9545ae,vkb94g3c9vvfnihqbschj8p5a8@google.com,2016-06-07 17:07:03,2016-06-07 17:14:09,2016 05 Churn,,,2016-06-08 13:00:00,2016-06-08 14:00:00,1465319649000000,UTC,UTC
SEQUENCE,1,f01c98fb-5b30-4ae4-8616-b5cbdb9545ae,vkb94g3c9vvfnihqbschj8p5a8@google.com,2016-06-07 17:07:03,2016-06-07 17:14:09,2016 05 Churn,,,2016-06-08 13:00:00,2016-06-08 14:00:00,1465319649000000,UTC,UTC
TRANSP,OPAQUE,f01c98fb-5b30-4ae4-8616-b5cbdb9545ae,vkb94g3c9vvfnihqbschj8p5a8@google.com,2016-06-07 17:07:03,2016-06-07 17:14:09,2016 05 Churn,,,2016-06-08 13:00:00,2016-06-08 14:00:00,1465319649000000,UTC,UTC
X-MOZ-RECEIVED-SEQUENCE,1,f01c98fb-5b30-4ae4-8616-b5cbdb9545ae,vkb94g3c9vvfnihqbschj8p5a8@google.com,2016-06-07 17:07:03,2016-06-07 17:14:09,2016 05 Churn,,,2016-06-08 13:00:00,2016-06-08 14:00:00,1465319649000000,UTC,UTC
X-MOZ-RECEIVED-DTSTAMP,20160607T170756Z,f01c98fb-5b30-4ae4-8616-b5cbdb9545ae,vkb94g3c9vvfnihqbschj8p5a8@google.com,2016-06-07 17:07:03,2016-06-07 17:14:09,2016 05 Churn,,,2016-06-08 13:00:00,2016-06-08 14:00:00,1465319649000000,UTC,UTC
DESCRIPTION,View your event at https://www.google.com/calendar/event?action=VIEW&eid=ZXNsZDloOG1naWs1ZGFzZmdkbWo2NTBqa2cgcm9uLnNhcnZlckBob3RzY2hlZHVsZXMuY29t&tok=MzAjY2FybC5iZW5lZmllbEBob3RzY2hlZHVsZXMuY29tZDgxZmQ5ZWE1MmUwODhmMDNmMTYwZjNjOGEyMWM3MTNhNDJlYzE1ZQ&ctz=America/Chicago&hl=en.,f01c98fb-5b30-4ae4-8616-b5cbdb9545ae,esld9h8mgik5dasfgdmj650jkg@google.com,2016-06-13 00:20:35,2016-06-13 12:07:11,Exec Churn Review Synch,,,2016-06-13 13:30:00,2016-06-13 14:30:00,1465819631000000,UTC,UTC
X-LIC-ERROR,No value for LOCATION property. Removing entire property:,f01c98fb-5b30-4ae4-8616-b5cbdb9545ae,esld9h8mgik5dasfgdmj650jkg@google.com,2016-06-13 00:20:35,2016-06-13 12:07:11,Exec Churn Review Synch,,,2016-06-13 13:30:00,2016-06-13 14:30:00,1465819631000000,UTC,UTC
SEQUENCE,1,f01c98fb-5b30-4ae4-8616-b5cbdb9545ae,esld9h8mgik5dasfgdmj650jkg@google.com,2016-06-13 00:20:35,2016-06-13 12:07:11,Exec Churn Review Synch,,,2016-06-13 13:30:00,2016-06-13 14:30:00,1465819631000000,UTC,UTC
TRANSP,OPAQUE,f01c98fb-5b30-4ae4-8616-b5cbdb9545ae,esld9h8mgik5dasfgdmj650jkg@google.com,2016-06-13 00:20:35,2016-06-13 12:07:11,Exec Churn Review Synch,,,2016-06-13 13:30:00,2016-06-13 14:30:00,1465819631000000,UTC,UTC
X-MOZ-RECEIVED-SEQUENCE,1,f01c98fb-5b30-4ae4-8616-b5cbdb9545ae,esld9h8mgik5dasfgdmj650jkg@google.com,2016-06-13 00:20:35,2016-06-13 12:07:11,Exec Churn Review Synch,,,2016-06-13 13:30:00,2016-06-13 14:30:00,1465819631000000,UTC,UTC
X-MOZ-RECEIVED-DTSTAMP,20160613T002149Z,f01c98fb-5b30-4ae4-8616-b5cbdb9545ae,esld9h8mgik5dasfgdmj650jkg@google.com,2016-06-13 00:20:35,2016-06-13 12:07:11,Exec Churn Review Synch,,,2016-06-13 13:30:00,2016-06-13 14:30:00,1465819631000000,UTC,UTC
DESCRIPTION,1. NEW rev issues in early cohorts this year - Ryan/Melissa~2. Final deltas between Qlik and NSM - needed for final approval to use Qlik for June reporting~3. MX and Print inclusion into the DW~View your event at https://www.google.com/calendar/event?action=VIEW&eid=c3RmbDY0ZnM3cmtzY3U0a29ubm9lN3NnNjAgcm9uLnNhcnZlckBob3RzY2hlZHVsZXMuY29t&tok=MzAjY2FybC5iZW5lZmllbEBob3RzY2hlZHVsZXMuY29tYTQxNDQ3N2IxYTk4YTNiNjE4MDAxMDlmYzIyZGZhMzU3OTlhMTAwYw&ctz=America/Port_of_Spain&hl=en.,f01c98fb-5b30-4ae4-8616-b5cbdb9545ae,stfl64fs7rkscu4konnoe7sg60@google.com,2016-06-20 21:48:18,2016-06-21 13:38:38,May Churn Review Actions/Notes,,,2016-06-21 20:00:00,2016-06-21 21:00:00,1466516318000000,UTC,UTC
X-LIC-ERROR,No value for LOCATION property. Removing entire property:,f01c98fb-5b30-4ae4-8616-b5cbdb9545ae,stfl64fs7rkscu4konnoe7sg60@google.com,2016-06-20 21:48:18,2016-06-21 13:38:38,May Churn Review Actions/Notes,,,2016-06-21 20:00:00,2016-06-21 21:00:00,1466516318000000,UTC,UTC
SEQUENCE,0,f01c98fb-5b30-4ae4-8616-b5cbdb9545ae,stfl64fs7rkscu4konnoe7sg60@google.com,2016-06-20 21:48:18,2016-06-21 13:38:38,May Churn Review Actions/Notes,,,2016-06-21 20:00:00,2016-06-21 21:00:00,1466516318000000,UTC,UTC
TRANSP,OPAQUE,f01c98fb-5b30-4ae4-8616-b5cbdb9545ae,stfl64fs7rkscu4konnoe7sg60@google.com,2016-06-20 21:48:18,2016-06-21 13:38:38,May Churn Review Actions/Notes,,,2016-06-21 20:00:00,2016-06-21 21:00:00,1466516318000000,UTC,UTC
X-MOZ-RECEIVED-SEQUENCE,0,f01c98fb-5b30-4ae4-8616-b5cbdb9545ae,stfl64fs7rkscu4konnoe7sg60@google.com,2016-06-20 21:48:18,2016-06-21 13:38:38,May Churn Review Actions/Notes,,,2016-06-21 20:00:00,2016-06-21 21:00:00,1466516318000000,UTC,UTC
X-MOZ-RECEIVED-DTSTAMP,20160620T214819Z,f01c98fb-5b30-4ae4-8616-b5cbdb9545ae,stfl64fs7rkscu4konnoe7sg60@google.com,2016-06-20 21:48:18,2016-06-21 13:38:38,May Churn Review Actions/Notes,,,2016-06-21 20:00:00,2016-06-21 21:00:00,1466516318000000,UTC,UTC
DESCRIPTION,Hey Dave, Lucas and Ron, ~~I'd like to kick off the discussion of replacing the cube. Can we please use this time to talk high-level strategy and identify next steps. Feel free to invite whomever you deem necessary.~~Thanks,~Jason~View your event at https://www.google.com/calendar/event?action=VIEW&eid=cGYwdG9iZjNuMjdidWQ4M3BwbnEwcnA1NzAgcm9uLnNhcnZlckBob3RzY2hlZHVsZXMuY29t&tok=MzAjamFzb24uZ3JlZ29yeUBob3RzY2hlZHVsZXMuY29tNzk0NTRhOWU4N2RjMDc2NDhhYjI2OTYyOTE0MTNiOGZjMzNmN2U0MQ&ctz=America/Port_of_Spain&hl=en.,f01c98fb-5b30-4ae4-8616-b5cbdb9545ae,pf0tobf3n27bud83ppnq0rp570@google.com,2016-06-29 19:48:44,2016-06-29 20:00:59,Cube Replacement Stategy,,,2016-06-30 17:00:00,2016-06-30 17:25:00,1467230459000000,UTC,UTC
X-LIC-ERROR,No value for LOCATION property. Removing entire property:,f01c98fb-5b30-4ae4-8616-b5cbdb9545ae,pf0tobf3n27bud83ppnq0rp570@google.com,2016-06-29 19:48:44,2016-06-29 20:00:59,Cube Replacement Stategy,,,2016-06-30 17:00:00,2016-06-30 17:25:00,1467230459000000,UTC,UTC
SEQUENCE,0,f01c98fb-5b30-4ae4-8616-b5cbdb9545ae,pf0tobf3n27bud83ppnq0rp570@google.com,2016-06-29 19:48:44,2016-06-29 20:00:59,Cube Replacement Stategy,,,2016-06-30 17:00:00,2016-06-30 17:25:00,1467230459000000,UTC,UTC
TRANSP,OPAQUE,f01c98fb-5b30-4ae4-8616-b5cbdb9545ae,pf0tobf3n27bud83ppnq0rp570@google.com,2016-06-29 19:48:44,2016-06-29 20:00:59,Cube Replacement Stategy,,,2016-06-30 17:00:00,2016-06-30 17:25:00,1467230459000000,UTC,UTC
X-MOZ-RECEIVED-SEQUENCE,0,f01c98fb-5b30-4ae4-8616-b5cbdb9545ae,pf0tobf3n27bud83ppnq0rp570@google.com,2016-06-29 19:48:44,2016-06-29 20:00:59,Cube Replacement Stategy,,,2016-06-30 17:00:00,2016-06-30 17:25:00,1467230459000000,UTC,UTC
X-MOZ-RECEIVED-DTSTAMP,20160629T194844Z,f01c98fb-5b30-4ae4-8616-b5cbdb9545ae,pf0tobf3n27bud83ppnq0rp570@google.com,2016-06-29 19:48:44,2016-06-29 20:00:59,Cube Replacement Stategy,,,2016-06-30 17:00:00,2016-06-30 17:25:00,1467230459000000,UTC,UTC
DESCRIPTION,View your event at https://www.google.com/calendar/event?action=VIEW&eid=bzF1MGI1Nm05dXYwbjRvYW8yYnI2cG04M2cgcm9uLnNhcnZlckBob3RzY2hlZHVsZXMuY29t&tok=MzIjbGF1cmEubWNkb25vdWdoQGhvdHNjaGVkdWxlcy5jb21kMGFmMjFiNWMxN2U1ZTI1ZTBmYWZkYTNhZDRkODc3MmY2NTljZTcx&ctz=America/Port_of_Spain&hl=en.,f01c98fb-5b30-4ae4-8616-b5cbdb9545ae,o1u0b56m9uv0n4oao2br6pm83g@google.com,2016-07-13 16:54:35,2016-07-13 16:55:41,Discuss usage data & technical mappings,,,2016-07-14 14:30:00,2016-07-14 15:00:00,1468428941000000,UTC,UTC
X-LIC-ERROR,No value for LOCATION property. Removing entire property:,f01c98fb-5b30-4ae4-8616-b5cbdb9545ae,o1u0b56m9uv0n4oao2br6pm83g@google.com,2016-07-13 16:54:35,2016-07-13 16:55:41,Discuss usage data & technical mappings,,,2016-07-14 14:30:00,2016-07-14 15:00:00,1468428941000000,UTC,UTC
SEQUENCE,0,f01c98fb-5b30-4ae4-8616-b5cbdb9545ae,o1u0b56m9uv0n4oao2br6pm83g@google.com,2016-07-13 16:54:35,2016-07-13 16:55:41,Discuss usage data & technical mappings,,,2016-07-14 14:30:00,2016-07-14 15:00:00,1468428941000000,UTC,UTC
TRANSP,OPAQUE,f01c98fb-5b30-4ae4-8616-b5cbdb9545ae,o1u0b56m9uv0n4oao2br6pm83g@google.com,2016-07-13 16:54:35,2016-07-13 16:55:41,Discuss usage data & technical mappings,,,2016-07-14 14:30:00,2016-07-14 15:00:00,1468428941000000,UTC,UTC
X-MOZ-RECEIVED-SEQUENCE,0,f01c98fb-5b30-4ae4-8616-b5cbdb9545ae,o1u0b56m9uv0n4oao2br6pm83g@google.com,2016-07-13 16:54:35,2016-07-13 16:55:41,Discuss usage data & technical mappings,,,2016-07-14 14:30:00,2016-07-14 15:00:00,1468428941000000,UTC,UTC
X-MOZ-RECEIVED-DTSTAMP,20160713T165436Z,f01c98fb-5b30-4ae4-8616-b5cbdb9545ae,o1u0b56m9uv0n4oao2br6pm83g@google.com,2016-07-13 16:54:35,2016-07-13 16:55:41,Discuss usage data & technical mappings,,,2016-07-14 14:30:00,2016-07-14 15:00:00,1468428941000000,UTC,UTC
DESCRIPTION,"*LM = optional*~~Hi all,~~The CSMs identified fields of importance to a CSM platform back in March/April and then Charles/Ron worked to get these fields into the data warehouse where we could send them over to a CSM platform provider.  Now that we finalized on Natero, we know the location of most of the fields but there are a few stragglers that we want to discuss with this team.  ~~Melissa --> financial fields will need to be *acurately* summed, then exported~Ryan--> I'd like your input on how CSMs/CSAs use certain fields on the front lines~~This is meant to be a working session and this is the spreadsheet that Charles is capturing the fields/DW table names, etc.  Per Laura, Charles just needs the output of this working session, the table name where he can grab the requested data.  We'll also capture any items that need Natero input or guidance!~~See tab named ""DW->Natero_Mapping""~There are multiple types of records, ""Account"", ""Account User"", ""Account Contact"", ""Invoice Statements"", ""Notes"", ""Custom Fields""~https://docs.google.com/a/redbookconnect.com/spreadsheets/d/1UG5Ql5kEuh_gxkKKLsUSG6LDIdnskEEQUeCJPjyfwKc/edit?usp=sharing~~Thanks all!~Christin~~View your event at https://www.google.com/calendar/event?action=VIEW&eid=azV2NWVwNGptdTkwZjFrbjJkcWQ4dWx0bjQgcm9uLnNhcnZlckBob3RzY2hlZHVsZXMuY29t&tok=MzQjY2hyaXN0aW4uZWlzZXJsb2hAaG90c2NoZWR1bGVzLmNvbTczNjJlZWU4MDAzMWY1M2E3ZGViMDMzZjQwMWQ1ZjI1NmJmZWI5Y2E&ctz=America/Port_of_Spain&hl=en.",f01c98fb-5b30-4ae4-8616-b5cbdb9545ae,k5v5ep4jmu90f1kn2dqd8ultn4@google.com,2016-07-15 02:47:43,2016-07-15 11:37:26,Natero Fields (Working Session),,,2016-07-18 15:00:00,2016-07-18 16:00:00,1468582646000000,UTC,UTC
LOCATION,AUS-4th-Barton Springs-17,f01c98fb-5b30-4ae4-8616-b5cbdb9545ae,k5v5ep4jmu90f1kn2dqd8ultn4@google.com,2016-07-15 02:47:43,2016-07-15 11:37:26,Natero Fields (Working Session),,,2016-07-18 15:00:00,2016-07-18 16:00:00,1468582646000000,UTC,UTC
SEQUENCE,0,f01c98fb-5b30-4ae4-8616-b5cbdb9545ae,k5v5ep4jmu90f1kn2dqd8ultn4@google.com,2016-07-15 02:47:43,2016-07-15 11:37:26,Natero Fields (Working Session),,,2016-07-18 15:00:00,2016-07-18 16:00:00,1468582646000000,UTC,UTC
TRANSP,OPAQUE,f01c98fb-5b30-4ae4-8616-b5cbdb9545ae,k5v5ep4jmu90f1kn2dqd8ultn4@google.com,2016-07-15 02:47:43,2016-07-15 11:37:26,Natero Fields (Working Session),,,2016-07-18 15:00:00,2016-07-18 16:00:00,1468582646000000,UTC,UTC
X-MOZ-RECEIVED-SEQUENCE,0,f01c98fb-5b30-4ae4-8616-b5cbdb9545ae,k5v5ep4jmu90f1kn2dqd8ultn4@google.com,2016-07-15 02:47:43,2016-07-15 11:37:26,Natero Fields (Working Session),,,2016-07-18 15:00:00,2016-07-18 16:00:00,1468582646000000,UTC,UTC
X-MOZ-RECEIVED-DTSTAMP,20160715T024743Z,f01c98fb-5b30-4ae4-8616-b5cbdb9545ae,k5v5ep4jmu90f1kn2dqd8ultn4@google.com,2016-07-15 02:47:43,2016-07-15 11:37:26,Natero Fields (Working Session),,,2016-07-18 15:00:00,2016-07-18 16:00:00,1468582646000000,UTC,UTC
DESCRIPTION,"continue working through fields for Natero.  I booked 1.5 hrs based on Monday's progress, we can adjust as needed~~See tab named ""DW->Natero_Mapping""~There are multiple types of records, ""Account"", ""Account User"", ""Account Contact"", ""Invoice Statements"", ""Notes"", ""Custom Fields""~https://docs.google.com/a/redbookconnect.com/spreadsheets/d/1UG5Ql5kEuh_gxkKKLsUSG6LDIdnskEEQUeCJPjyfwKc/edit?usp=sharing~View your event at https://www.google.com/calendar/event?action=VIEW&eid=Y2ZpcGo3MXZhZDhpb3ZuNjZnYWVra3BqcW8gcm9uLnNhcnZlckBob3RzY2hlZHVsZXMuY29t&tok=MzQjY2hyaXN0aW4uZWlzZXJsb2hAaG90c2NoZWR1bGVzLmNvbWMwMzViMjI2MzZiNDIwYjdlMGY4MmI3M2M0MjNjYTdlODdlODc0NmI&ctz=America/Port_of_Spain&hl=en.",f01c98fb-5b30-4ae4-8616-b5cbdb9545ae,cfipj71vad8iovn66gaekkpjqo@google.com,2016-07-18 16:05:43,2016-07-18 16:06:06,Natero Fields (Working Session),,,2016-07-19 15:00:00,2016-07-19 16:30:00,1468857966000000,UTC,UTC
LOCATION,AUS-4th-Jacob's Well-5,f01c98fb-5b30-4ae4-8616-b5cbdb9545ae,cfipj71vad8iovn66gaekkpjqo@google.com,2016-07-18 16:05:43,2016-07-18 16:06:06,Natero Fields (Working Session),,,2016-07-19 15:00:00,2016-07-19 16:30:00,1468857966000000,UTC,UTC
SEQUENCE,0,f01c98fb-5b30-4ae4-8616-b5cbdb9545ae,cfipj71vad8iovn66gaekkpjqo@google.com,2016-07-18 16:05:43,2016-07-18 16:06:06,Natero Fields (Working Session),,,2016-07-19 15:00:00,2016-07-19 16:30:00,1468857966000000,UTC,UTC
TRANSP,OPAQUE,f01c98fb-5b30-4ae4-8616-b5cbdb9545ae,cfipj71vad8iovn66gaekkpjqo@google.com,2016-07-18 16:05:43,2016-07-18 16:06:06,Natero Fields (Working Session),,,2016-07-19 15:00:00,2016-07-19 16:30:00,1468857966000000,UTC,UTC
X-MOZ-RECEIVED-SEQUENCE,0,f01c98fb-5b30-4ae4-8616-b5cbdb9545ae,cfipj71vad8iovn66gaekkpjqo@google.com,2016-07-18 16:05:43,2016-07-18 16:06:06,Natero Fields (Working Session),,,2016-07-19 15:00:00,2016-07-19 16:30:00,1468857966000000,UTC,UTC
X-MOZ-RECEIVED-DTSTAMP,20160718T160544Z,f01c98fb-5b30-4ae4-8616-b5cbdb9545ae,cfipj71vad8iovn66gaekkpjqo@google.com,2016-07-18 16:05:43,2016-07-18 16:06:06,Natero Fields (Working Session),,,2016-07-19 15:00:00,2016-07-19 16:30:00,1468857966000000,UTC,UTC
DESCRIPTION,Courtesy invite only for Matt as he's busy. ~View your event at https://www.google.com/calendar/event?action=VIEW&eid=N3ZlNTY2bGVuZWI5YXNkbHMxZWcwbTQxdDAgcm9uLnNhcnZlckBob3RzY2hlZHVsZXMuY29t&tok=MzAjY2FybC5iZW5lZmllbEBob3RzY2hlZHVsZXMuY29tYjQ1MDEyMzg0MTQ4OGU2YWU0NzM3MDBkZWEwOTlkNjUzNTEzNjY0MQ&ctz=America/Port_of_Spain&hl=en.,f01c98fb-5b30-4ae4-8616-b5cbdb9545ae,7ve566leneb9asdls1eg0m41t0@google.com,2016-07-19 16:54:56,2016-07-19 17:00:30,Cohort Synch and A Lye Requests Synch,,,2016-07-19 18:00:00,2016-07-19 18:30:00,1468947630000000,UTC,UTC
X-LIC-ERROR,No value for LOCATION property. Removing entire property:,f01c98fb-5b30-4ae4-8616-b5cbdb9545ae,7ve566leneb9asdls1eg0m41t0@google.com,2016-07-19 16:54:56,2016-07-19 17:00:30,Cohort Synch and A Lye Requests Synch,,,2016-07-19 18:00:00,2016-07-19 18:30:00,1468947630000000,UTC,UTC
SEQUENCE,0,f01c98fb-5b30-4ae4-8616-b5cbdb9545ae,7ve566leneb9asdls1eg0m41t0@google.com,2016-07-19 16:54:56,2016-07-19 17:00:30,Cohort Synch and A Lye Requests Synch,,,2016-07-19 18:00:00,2016-07-19 18:30:00,1468947630000000,UTC,UTC
TRANSP,OPAQUE,f01c98fb-5b30-4ae4-8616-b5cbdb9545ae,7ve566leneb9asdls1eg0m41t0@google.com,2016-07-19 16:54:56,2016-07-19 17:00:30,Cohort Synch and A Lye Requests Synch,,,2016-07-19 18:00:00,2016-07-19 18:30:00,1468947630000000,UTC,UTC
X-MOZ-RECEIVED-SEQUENCE,0,f01c98fb-5b30-4ae4-8616-b5cbdb9545ae,7ve566leneb9asdls1eg0m41t0@google.com,2016-07-19 16:54:56,2016-07-19 17:00:30,Cohort Synch and A Lye Requests Synch,,,2016-07-19 18:00:00,2016-07-19 18:30:00,1468947630000000,UTC,UTC
X-MOZ-RECEIVED-DTSTAMP,20160719T165456Z,f01c98fb-5b30-4ae4-8616-b5cbdb9545ae,7ve566leneb9asdls1eg0m41t0@google.com,2016-07-19 16:54:56,2016-07-19 17:00:30,Cohort Synch and A Lye Requests Synch,,,2016-07-19 18:00:00,2016-07-19 18:30:00,1468947630000000,UTC,UTC
DESCRIPTION,Let's talk roles responsibilities and scope.~View your event at https://www.google.com/calendar/event?action=VIEW&eid=OXRicm9lNnBzcGYya3BuY2hwaW04ZDY1bmNfMjAxNjA3MTlUMTYwMDAwWiByb24uc2FydmVyQGhvdHNjaGVkdWxlcy5jb20&tok=MzMjbWF0dGhldy53b29kaW5nc0Bob3RzY2hlZHVsZXMuY29tOWE2MTYwMmJkMTNhYjQxYjM2YTk0Yzg0Yzk1YTQ1MTRmZGI1ODRiYw&ctz=America/Port_of_Spain&hl=en.,f01c98fb-5b30-4ae4-8616-b5cbdb9545ae,9tbroe6pspf2kpnchpim8d65nc_R20151013T160000@google.com,2016-07-20 12:30:29,2016-07-20 12:30:29,,,,2016-07-19 16:00:00,2016-07-19 16:00:00,1469017829000000,America/Chicago,America/Chicago
DESCRIPTION,Let's talk roles responsibilities and scope.~View your event at https://www.google.com/calendar/event?action=VIEW&eid=OXRicm9lNnBzcGYya3BuY2hwaW04ZDY1bmNfMjAxNjA3MTlUMTYwMDAwWiByb24uc2FydmVyQGhvdHNjaGVkdWxlcy5jb20&tok=MzMjbWF0dGhldy53b29kaW5nc0Bob3RzY2hlZHVsZXMuY29tOWE2MTYwMmJkMTNhYjQxYjM2YTk0Yzg0Yzk1YTQ1MTRmZGI1ODRiYw&ctz=America/Port_of_Spain&hl=en.,f01c98fb-5b30-4ae4-8616-b5cbdb9545ae,9tbroe6pspf2kpnchpim8d65nc_R20151013T160000@google.com,2015-03-30 19:05:16,2016-07-20 12:30:39,Database Weekly,,,2016-07-20 18:30:00,2016-07-20 19:30:00,1469017839000000,America/Chicago,America/Chicago
LOCATION,Matt Office and Remote,f01c98fb-5b30-4ae4-8616-b5cbdb9545ae,9tbroe6pspf2kpnchpim8d65nc_R20151013T160000@google.com,2016-07-20 12:30:29,2016-07-20 12:30:29,,,,2016-07-19 16:00:00,2016-07-19 16:00:00,1469017829000000,America/Chicago,America/Chicago
LOCATION,Matt Office and Remote,f01c98fb-5b30-4ae4-8616-b5cbdb9545ae,9tbroe6pspf2kpnchpim8d65nc_R20151013T160000@google.com,2015-03-30 19:05:16,2016-07-20 12:30:39,Database Weekly,,,2016-07-20 18:30:00,2016-07-20 19:30:00,1469017839000000,America/Chicago,America/Chicago
SEQUENCE,2,f01c98fb-5b30-4ae4-8616-b5cbdb9545ae,9tbroe6pspf2kpnchpim8d65nc_R20151013T160000@google.com,2016-07-20 12:30:29,2016-07-20 12:30:29,,,,2016-07-19 16:00:00,2016-07-19 16:00:00,1469017829000000,America/Chicago,America/Chicago
SEQUENCE,2,f01c98fb-5b30-4ae4-8616-b5cbdb9545ae,9tbroe6pspf2kpnchpim8d65nc_R20151013T160000@google.com,2015-03-30 19:05:16,2016-07-20 12:30:39,Database Weekly,,,2016-07-20 18:30:00,2016-07-20 19:30:00,1469017839000000,America/Chicago,America/Chicago
TRANSP,OPAQUE,f01c98fb-5b30-4ae4-8616-b5cbdb9545ae,9tbroe6pspf2kpnchpim8d65nc_R20151013T160000@google.com,2016-07-20 12:30:29,2016-07-20 12:30:29,,,,2016-07-19 16:00:00,2016-07-19 16:00:00,1469017829000000,America/Chicago,America/Chicago
TRANSP,OPAQUE,f01c98fb-5b30-4ae4-8616-b5cbdb9545ae,9tbroe6pspf2kpnchpim8d65nc_R20151013T160000@google.com,2015-03-30 19:05:16,2016-07-20 12:30:39,Database Weekly,,,2016-07-20 18:30:00,2016-07-20 19:30:00,1469017839000000,America/Chicago,America/Chicago
X-MOZ-RECEIVED-SEQUENCE,2,f01c98fb-5b30-4ae4-8616-b5cbdb9545ae,9tbroe6pspf2kpnchpim8d65nc_R20151013T160000@google.com,2016-07-20 12:30:29,2016-07-20 12:30:29,,,,2016-07-19 16:00:00,2016-07-19 16:00:00,1469017829000000,America/Chicago,America/Chicago
X-MOZ-RECEIVED-SEQUENCE,2,f01c98fb-5b30-4ae4-8616-b5cbdb9545ae,9tbroe6pspf2kpnchpim8d65nc_R20151013T160000@google.com,2015-03-30 19:05:16,2016-07-20 12:30:39,Database Weekly,,,2016-07-20 18:30:00,2016-07-20 19:30:00,1469017839000000,America/Chicago,America/Chicago
X-MOZ-RECEIVED-DTSTAMP,20160719T211416Z,f01c98fb-5b30-4ae4-8616-b5cbdb9545ae,9tbroe6pspf2kpnchpim8d65nc_R20151013T160000@google.com,2016-07-20 12:30:29,2016-07-20 12:30:29,,,,2016-07-19 16:00:00,2016-07-19 16:00:00,1469017829000000,America/Chicago,America/Chicago
X-MOZ-RECEIVED-DTSTAMP,20160719T211416Z,f01c98fb-5b30-4ae4-8616-b5cbdb9545ae,9tbroe6pspf2kpnchpim8d65nc_R20151013T160000@google.com,2015-03-30 19:05:16,2016-07-20 12:30:39,Database Weekly,,,2016-07-20 18:30:00,2016-07-20 19:30:00,1469017839000000,America/Chicago,America/Chicago
X-MOZ-FAKED-MASTER,1,f01c98fb-5b30-4ae4-8616-b5cbdb9545ae,9tbroe6pspf2kpnchpim8d65nc_R20151013T160000@google.com,2016-07-20 12:30:29,2016-07-20 12:30:29,,,,2016-07-19 16:00:00,2016-07-19 16:00:00,1469017829000000,America/Chicago,America/Chicago
X-MOZ-FAKED-MASTER,1,f01c98fb-5b30-4ae4-8616-b5cbdb9545ae,9tbroe6pspf2kpnchpim8d65nc_R20151013T160000@google.com,2015-03-30 19:05:16,2016-07-20 12:30:39,Database Weekly,,,2016-07-20 18:30:00,2016-07-20 19:30:00,1469017839000000,America/Chicago,America/Chicago
DESCRIPTION,Charles is back staring 7/27, let's circle up on:~-Status of DW field/table names~-Usage data per product --> Natero~-Natero's approach to capturing the product catalog <--> customer mappings~View your event at https://www.google.com/calendar/event?action=VIEW&eid=M2ZxdDBsam82a2l0ZjZzdGRsM2ZqajBmaWcgcm9uLnNhcnZlckBob3RzY2hlZHVsZXMuY29t&tok=MzQjY2hyaXN0aW4uZWlzZXJsb2hAaG90c2NoZWR1bGVzLmNvbThlYjAzODA1MzNhODgxNmM1ZmIwMzU2M2UzOGE1ZDFlZDhiMTU2NjU&ctz=America/Port_of_Spain&hl=en.,f01c98fb-5b30-4ae4-8616-b5cbdb9545ae,3fqt0ljo6kitf6stdl3fjj0fig@google.com,2016-07-26 19:37:24,2016-07-26 19:45:02,Natero Pulse Check,,,2016-07-27 14:00:00,2016-07-27 14:30:00,1469562302000000,UTC,UTC
LOCATION,Hippie Hollow,f01c98fb-5b30-4ae4-8616-b5cbdb9545ae,3fqt0ljo6kitf6stdl3fjj0fig@google.com,2016-07-26 19:37:24,2016-07-26 19:45:02,Natero Pulse Check,,,2016-07-27 14:00:00,2016-07-27 14:30:00,1469562302000000,UTC,UTC
SEQUENCE,0,f01c98fb-5b30-4ae4-8616-b5cbdb9545ae,3fqt0ljo6kitf6stdl3fjj0fig@google.com,2016-07-26 19:37:24,2016-07-26 19:45:02,Natero Pulse Check,,,2016-07-27 14:00:00,2016-07-27 14:30:00,1469562302000000,UTC,UTC
TRANSP,OPAQUE,f01c98fb-5b30-4ae4-8616-b5cbdb9545ae,3fqt0ljo6kitf6stdl3fjj0fig@google.com,2016-07-26 19:37:24,2016-07-26 19:45:02,Natero Pulse Check,,,2016-07-27 14:00:00,2016-07-27 14:30:00,1469562302000000,UTC,UTC
X-MOZ-RECEIVED-SEQUENCE,0,f01c98fb-5b30-4ae4-8616-b5cbdb9545ae,3fqt0ljo6kitf6stdl3fjj0fig@google.com,2016-07-26 19:37:24,2016-07-26 19:45:02,Natero Pulse Check,,,2016-07-27 14:00:00,2016-07-27 14:30:00,1469562302000000,UTC,UTC
X-MOZ-RECEIVED-DTSTAMP,20160726T193725Z,f01c98fb-5b30-4ae4-8616-b5cbdb9545ae,3fqt0ljo6kitf6stdl3fjj0fig@google.com,2016-07-26 19:37:24,2016-07-26 19:45:02,Natero Pulse Check,,,2016-07-27 14:00:00,2016-07-27 14:30:00,1469562302000000,UTC,UTC
DESCRIPTION,We need to gather the churn brain trust to discuss which data elements we think are the key fields to pipe over to Natero.  Although Natero is flexible, we'll overwhelm them if we send everything we collect in the DW! ~View your event at https://www.google.com/calendar/event?action=VIEW&eid=MDM3OTM4cXV0cHNrYXJ1bmVsYmVnMWR2ODQgcm9uLnNhcnZlckBob3RzY2hlZHVsZXMuY29t&tok=MzQjY2hyaXN0aW4uZWlzZXJsb2hAaG90c2NoZWR1bGVzLmNvbWM4MTAyMjgyZDU2MGZhMTg3Y2EzNjBjMTAyN2E0N2U4NWIyOTg0ZTQ&ctz=America/Port_of_Spain&hl=en.,f01c98fb-5b30-4ae4-8616-b5cbdb9545ae,037938qutpskarunelbeg1dv84@google.com,2016-07-27 14:34:34,2016-07-27 14:35:46,Churn Data into Natero,,,2016-08-22 15:30:00,2016-08-22 16:30:00,1469630146000000,UTC,UTC
LOCATION,AUS-4th-Jacob's Well-5,f01c98fb-5b30-4ae4-8616-b5cbdb9545ae,037938qutpskarunelbeg1dv84@google.com,2016-07-27 14:34:34,2016-07-27 14:35:46,Churn Data into Natero,,,2016-08-22 15:30:00,2016-08-22 16:30:00,1469630146000000,UTC,UTC
SEQUENCE,0,f01c98fb-5b30-4ae4-8616-b5cbdb9545ae,037938qutpskarunelbeg1dv84@google.com,2016-07-27 14:34:34,2016-07-27 14:35:46,Churn Data into Natero,,,2016-08-22 15:30:00,2016-08-22 16:30:00,1469630146000000,UTC,UTC
TRANSP,OPAQUE,f01c98fb-5b30-4ae4-8616-b5cbdb9545ae,037938qutpskarunelbeg1dv84@google.com,2016-07-27 14:34:34,2016-07-27 14:35:46,Churn Data into Natero,,,2016-08-22 15:30:00,2016-08-22 16:30:00,1469630146000000,UTC,UTC
X-MOZ-RECEIVED-SEQUENCE,0,f01c98fb-5b30-4ae4-8616-b5cbdb9545ae,037938qutpskarunelbeg1dv84@google.com,2016-07-27 14:34:34,2016-07-27 14:35:46,Churn Data into Natero,,,2016-08-22 15:30:00,2016-08-22 16:30:00,1469630146000000,UTC,UTC
X-MOZ-RECEIVED-DTSTAMP,20160727T143435Z,f01c98fb-5b30-4ae4-8616-b5cbdb9545ae,037938qutpskarunelbeg1dv84@google.com,2016-07-27 14:34:34,2016-07-27 14:35:46,Churn Data into Natero,,,2016-08-22 15:30:00,2016-08-22 16:30:00,1469630146000000,UTC,UTC
DESCRIPTION,Meeting to discuss streamlining the recontracting process and to explain the current steps necessary.~View your event at https://www.google.com/calendar/event?action=VIEW&eid=MGp0c2hsdnIwOG0zbHMzODR1b3AxbHRxbWsgcm9uLnNhcnZlckBob3RzY2hlZHVsZXMuY29t&tok=MzAjamFzb24uc3R1dGxlckBob3RzY2hlZHVsZXMuY29tNmViOGE4NWFlNjY1MTNhZTcyNjkzYTAzMzYzMTA4MGI4N2E4MmI1Zg&ctz=America/Port_of_Spain&hl=en.,f01c98fb-5b30-4ae4-8616-b5cbdb9545ae,0jtshlvr08m3ls384uop1ltqmk@google.com,2016-07-27 20:30:55,2016-07-27 21:11:01,Recontracting Meeting.,,,2016-08-02 19:00:00,2016-08-02 20:00:00,1469653861000000,UTC,UTC
X-LIC-ERROR,No value for LOCATION property. Removing entire property:,f01c98fb-5b30-4ae4-8616-b5cbdb9545ae,0jtshlvr08m3ls384uop1ltqmk@google.com,2016-07-27 20:30:55,2016-07-27 21:11:01,Recontracting Meeting.,,,2016-08-02 19:00:00,2016-08-02 20:00:00,1469653861000000,UTC,UTC
SEQUENCE,0,f01c98fb-5b30-4ae4-8616-b5cbdb9545ae,0jtshlvr08m3ls384uop1ltqmk@google.com,2016-07-27 20:30:55,2016-07-27 21:11:01,Recontracting Meeting.,,,2016-08-02 19:00:00,2016-08-02 20:00:00,1469653861000000,UTC,UTC
TRANSP,OPAQUE,f01c98fb-5b30-4ae4-8616-b5cbdb9545ae,0jtshlvr08m3ls384uop1ltqmk@google.com,2016-07-27 20:30:55,2016-07-27 21:11:01,Recontracting Meeting.,,,2016-08-02 19:00:00,2016-08-02 20:00:00,1469653861000000,UTC,UTC
X-MOZ-RECEIVED-SEQUENCE,0,f01c98fb-5b30-4ae4-8616-b5cbdb9545ae,0jtshlvr08m3ls384uop1ltqmk@google.com,2016-07-27 20:30:55,2016-07-27 21:11:01,Recontracting Meeting.,,,2016-08-02 19:00:00,2016-08-02 20:00:00,1469653861000000,UTC,UTC
X-MOZ-RECEIVED-DTSTAMP,20160727T203359Z,f01c98fb-5b30-4ae4-8616-b5cbdb9545ae,0jtshlvr08m3ls384uop1ltqmk@google.com,2016-07-27 20:30:55,2016-07-27 21:11:01,Recontracting Meeting.,,,2016-08-02 19:00:00,2016-08-02 20:00:00,1469653861000000,UTC,UTC
DESCRIPTION,View your event at https://www.google.com/calendar/event?action=VIEW&eid=aW05dWtrbXB1MnBrMzAxOXBoM3AyajRoN2sgcm9uLnNhcnZlckBob3RzY2hlZHVsZXMuY29t&tok=MzIjbGF1cmEubWNkb25vdWdoQGhvdHNjaGVkdWxlcy5jb20wZmUyMmI4MTg1NWE2M2E3YWNkYjlkMDY1MmUwZDU4YzkzNDliZjYy&ctz=America/Port_of_Spain&hl=en.,f01c98fb-5b30-4ae4-8616-b5cbdb9545ae,im9ukkmpu2pk3019ph3p2j4h7k@google.com,2016-08-03 17:07:56,2016-08-03 18:21:40,Natero - review plan to pilot start on Sept 1,,,2016-08-04 14:30:00,2016-08-04 15:00:00,1470248500000000,UTC,UTC
LOCATION,AUS-4th-Barton Springs-17,f01c98fb-5b30-4ae4-8616-b5cbdb9545ae,im9ukkmpu2pk3019ph3p2j4h7k@google.com,2016-08-03 17:07:56,2016-08-03 18:21:40,Natero - review plan to pilot start on Sept 1,,,2016-08-04 14:30:00,2016-08-04 15:00:00,1470248500000000,UTC,UTC
SEQUENCE,0,f01c98fb-5b30-4ae4-8616-b5cbdb9545ae,im9ukkmpu2pk3019ph3p2j4h7k@google.com,2016-08-03 17:07:56,2016-08-03 18:21:40,Natero - review plan to pilot start on Sept 1,,,2016-08-04 14:30:00,2016-08-04 15:00:00,1470248500000000,UTC,UTC
TRANSP,OPAQUE,f01c98fb-5b30-4ae4-8616-b5cbdb9545ae,im9ukkmpu2pk3019ph3p2j4h7k@google.com,2016-08-03 17:07:56,2016-08-03 18:21:40,Natero - review plan to pilot start on Sept 1,,,2016-08-04 14:30:00,2016-08-04 15:00:00,1470248500000000,UTC,UTC
X-MOZ-RECEIVED-SEQUENCE,0,f01c98fb-5b30-4ae4-8616-b5cbdb9545ae,im9ukkmpu2pk3019ph3p2j4h7k@google.com,2016-08-03 17:07:56,2016-08-03 18:21:40,Natero - review plan to pilot start on Sept 1,,,2016-08-04 14:30:00,2016-08-04 15:00:00,1470248500000000,UTC,UTC
X-MOZ-RECEIVED-DTSTAMP,20160803T173500Z,f01c98fb-5b30-4ae4-8616-b5cbdb9545ae,im9ukkmpu2pk3019ph3p2j4h7k@google.com,2016-08-03 17:07:56,2016-08-03 18:21:40,Natero - review plan to pilot start on Sept 1,,,2016-08-04 14:30:00,2016-08-04 15:00:00,1470248500000000,UTC,UTC
DESCRIPTION,Hi all,~~Follow up meeting to discuss recontracting opps in SF; this is to mainly discuss the progress of the recent changes made.~View your event at https://www.google.com/calendar/event?action=VIEW&eid=MTdla2E3dTdicDkzaTc0czVrMW0zMDAxNjggcm9uLnNhcnZlckBob3RzY2hlZHVsZXMuY29t&tok=MzAjamFzb24uc3R1dGxlckBob3RzY2hlZHVsZXMuY29tY2E2NjdiYjM1MjNkNDEzZThjNGJjMTY0ODk3MjQ1ODJlYTY1OGVjZQ&ctz=America/Port_of_Spain&hl=en.,f01c98fb-5b30-4ae4-8616-b5cbdb9545ae,17eka7u7bp93i74s5k1m300168@google.com,2016-08-16 20:06:00,2016-08-16 20:14:49,Recontracting Opps in SF - Follow Up,,,2016-09-14 16:30:00,2016-09-14 17:00:00,1471378489000000,UTC,UTC
LOCATION,AUS-3rd-The Paramount-16,f01c98fb-5b30-4ae4-8616-b5cbdb9545ae,17eka7u7bp93i74s5k1m300168@google.com,2016-08-16 20:06:00,2016-08-16 20:14:49,Recontracting Opps in SF - Follow Up,,,2016-09-14 16:30:00,2016-09-14 17:00:00,1471378489000000,UTC,UTC
SEQUENCE,0,f01c98fb-5b30-4ae4-8616-b5cbdb9545ae,17eka7u7bp93i74s5k1m300168@google.com,2016-08-16 20:06:00,2016-08-16 20:14:49,Recontracting Opps in SF - Follow Up,,,2016-09-14 16:30:00,2016-09-14 17:00:00,1471378489000000,UTC,UTC
TRANSP,OPAQUE,f01c98fb-5b30-4ae4-8616-b5cbdb9545ae,17eka7u7bp93i74s5k1m300168@google.com,2016-08-16 20:06:00,2016-08-16 20:14:49,Recontracting Opps in SF - Follow Up,,,2016-09-14 16:30:00,2016-09-14 17:00:00,1471378489000000,UTC,UTC
X-MOZ-RECEIVED-SEQUENCE,0,f01c98fb-5b30-4ae4-8616-b5cbdb9545ae,17eka7u7bp93i74s5k1m300168@google.com,2016-08-16 20:06:00,2016-08-16 20:14:49,Recontracting Opps in SF - Follow Up,,,2016-09-14 16:30:00,2016-09-14 17:00:00,1471378489000000,UTC,UTC
X-MOZ-RECEIVED-DTSTAMP,20160816T200601Z,f01c98fb-5b30-4ae4-8616-b5cbdb9545ae,17eka7u7bp93i74s5k1m300168@google.com,2016-08-16 20:06:00,2016-08-16 20:14:49,Recontracting Opps in SF - Follow Up,,,2016-09-14 16:30:00,2016-09-14 17:00:00,1471378489000000,UTC,UTC
DESCRIPTION,View your event at https://www.google.com/calendar/event?action=VIEW&eid=NjFmNnJ1MHVhNzRkb2c1ZXZtdGMxNjB2NHMgcm9uLnNhcnZlckBob3RzY2hlZHVsZXMuY29t&tok=MjkjdGFueWEuaG93ZWxsQGhvdHNjaGVkdWxlcy5jb202NGE3MDc4NzE0NTNkZDk1MTQxNTI5YWRmOWVjN2M1YTMxZTAyYTE2&ctz=America/Port_of_Spain&hl=en.,f01c98fb-5b30-4ae4-8616-b5cbdb9545ae,61f6ru0ua74dog5evmtc160v4s@google.com,2016-08-22 23:35:59,2016-08-23 10:58:31,Data Warehouse and data Classification,,,2016-08-25 16:00:00,2016-08-25 17:00:00,1471949911000000,UTC,UTC
X-LIC-ERROR,No value for LOCATION property. Removing entire property:,f01c98fb-5b30-4ae4-8616-b5cbdb9545ae,61f6ru0ua74dog5evmtc160v4s@google.com,2016-08-22 23:35:59,2016-08-23 10:58:31,Data Warehouse and data Classification,,,2016-08-25 16:00:00,2016-08-25 17:00:00,1471949911000000,UTC,UTC
SEQUENCE,0,f01c98fb-5b30-4ae4-8616-b5cbdb9545ae,61f6ru0ua74dog5evmtc160v4s@google.com,2016-08-22 23:35:59,2016-08-23 10:58:31,Data Warehouse and data Classification,,,2016-08-25 16:00:00,2016-08-25 17:00:00,1471949911000000,UTC,UTC
TRANSP,OPAQUE,f01c98fb-5b30-4ae4-8616-b5cbdb9545ae,61f6ru0ua74dog5evmtc160v4s@google.com,2016-08-22 23:35:59,2016-08-23 10:58:31,Data Warehouse and data Classification,,,2016-08-25 16:00:00,2016-08-25 17:00:00,1471949911000000,UTC,UTC
X-MOZ-RECEIVED-SEQUENCE,0,f01c98fb-5b30-4ae4-8616-b5cbdb9545ae,61f6ru0ua74dog5evmtc160v4s@google.com,2016-08-22 23:35:59,2016-08-23 10:58:31,Data Warehouse and data Classification,,,2016-08-25 16:00:00,2016-08-25 17:00:00,1471949911000000,UTC,UTC
X-MOZ-RECEIVED-DTSTAMP,20160822T233600Z,f01c98fb-5b30-4ae4-8616-b5cbdb9545ae,61f6ru0ua74dog5evmtc160v4s@google.com,2016-08-22 23:35:59,2016-08-23 10:58:31,Data Warehouse and data Classification,,,2016-08-25 16:00:00,2016-08-25 17:00:00,1471949911000000,UTC,UTC
DESCRIPTION,Let's level set on the outstanding data elements for Natero as we near the start of the pilot with the CSM Team.  ~~Outstanding data needed for Pilot:~-Critical SFDC/NS/DW Fields~-Application Usage Data from Sumo/DW~View your event at https://www.google.com/calendar/event?action=VIEW&eid=b2I3dmNlNTRubmY2c2szcnQ2am90YzRzdnMgcm9uLnNhcnZlckBob3RzY2hlZHVsZXMuY29t&tok=MzQjY2hyaXN0aW4uZWlzZXJsb2hAaG90c2NoZWR1bGVzLmNvbWQ0Mjk4NTk2OWE5MmMyZWYxMWZhZjM2ZTliZjA5MzRlYTBjMzU4YTM&ctz=America/Port_of_Spain&hl=en.,f01c98fb-5b30-4ae4-8616-b5cbdb9545ae,ob7vce54nnf6sk3rt6jotc4svs@google.com,2016-08-30 20:54:17,2016-08-30 21:04:49,"Natero ""Count Down to Pilot"" Check Point",,,2016-08-31 15:00:00,2016-08-31 15:30:00,1472591089000000,UTC,UTC
LOCATION,Hippie Hollow,f01c98fb-5b30-4ae4-8616-b5cbdb9545ae,ob7vce54nnf6sk3rt6jotc4svs@google.com,2016-08-30 20:54:17,2016-08-30 21:04:49,"Natero ""Count Down to Pilot"" Check Point",,,2016-08-31 15:00:00,2016-08-31 15:30:00,1472591089000000,UTC,UTC
SEQUENCE,0,f01c98fb-5b30-4ae4-8616-b5cbdb9545ae,ob7vce54nnf6sk3rt6jotc4svs@google.com,2016-08-30 20:54:17,2016-08-30 21:04:49,"Natero ""Count Down to Pilot"" Check Point",,,2016-08-31 15:00:00,2016-08-31 15:30:00,1472591089000000,UTC,UTC
TRANSP,OPAQUE,f01c98fb-5b30-4ae4-8616-b5cbdb9545ae,ob7vce54nnf6sk3rt6jotc4svs@google.com,2016-08-30 20:54:17,2016-08-30 21:04:49,"Natero ""Count Down to Pilot"" Check Point",,,2016-08-31 15:00:00,2016-08-31 15:30:00,1472591089000000,UTC,UTC
X-MOZ-RECEIVED-SEQUENCE,0,f01c98fb-5b30-4ae4-8616-b5cbdb9545ae,ob7vce54nnf6sk3rt6jotc4svs@google.com,2016-08-30 20:54:17,2016-08-30 21:04:49,"Natero ""Count Down to Pilot"" Check Point",,,2016-08-31 15:00:00,2016-08-31 15:30:00,1472591089000000,UTC,UTC
X-MOZ-RECEIVED-DTSTAMP,20160830T205417Z,f01c98fb-5b30-4ae4-8616-b5cbdb9545ae,ob7vce54nnf6sk3rt6jotc4svs@google.com,2016-08-30 20:54:17,2016-08-30 21:04:49,"Natero ""Count Down to Pilot"" Check Point",,,2016-08-31 15:00:00,2016-08-31 15:30:00,1472591089000000,UTC,UTC
DESCRIPTION,View your event at https://www.google.com/calendar/event?action=VIEW&eid=OThjaDBmZ3J1aHUwb3RqZnZlZm5pNnJwcmMgcm9uLnNhcnZlckBob3RzY2hlZHVsZXMuY29t&tok=MzMjbWF0dGhldy53b29kaW5nc0Bob3RzY2hlZHVsZXMuY29tN2NlZWU4OTE4YWFkOWVmMGE0YjZhOGJmMjBiMTdhMWYwZTZmNjVmYw&ctz=America/Port_of_Spain&hl=en.,f01c98fb-5b30-4ae4-8616-b5cbdb9545ae,98ch0fgruhu0otjfvefni6rprc@google.com,2016-09-20 16:55:20,2016-09-20 16:58:06,Database Weekly Update,,,2016-09-23 18:00:00,2016-09-23 18:30:00,1474390686000000,UTC,UTC
LOCATION,Online,f01c98fb-5b30-4ae4-8616-b5cbdb9545ae,98ch0fgruhu0otjfvefni6rprc@google.com,2016-09-20 16:55:20,2016-09-20 16:58:06,Database Weekly Update,,,2016-09-23 18:00:00,2016-09-23 18:30:00,1474390686000000,UTC,UTC
SEQUENCE,0,f01c98fb-5b30-4ae4-8616-b5cbdb9545ae,98ch0fgruhu0otjfvefni6rprc@google.com,2016-09-20 16:55:20,2016-09-20 16:58:06,Database Weekly Update,,,2016-09-23 18:00:00,2016-09-23 18:30:00,1474390686000000,UTC,UTC
TRANSP,OPAQUE,f01c98fb-5b30-4ae4-8616-b5cbdb9545ae,98ch0fgruhu0otjfvefni6rprc@google.com,2016-09-20 16:55:20,2016-09-20 16:58:06,Database Weekly Update,,,2016-09-23 18:00:00,2016-09-23 18:30:00,1474390686000000,UTC,UTC
X-MOZ-RECEIVED-SEQUENCE,0,f01c98fb-5b30-4ae4-8616-b5cbdb9545ae,98ch0fgruhu0otjfvefni6rprc@google.com,2016-09-20 16:55:20,2016-09-20 16:58:06,Database Weekly Update,,,2016-09-23 18:00:00,2016-09-23 18:30:00,1474390686000000,UTC,UTC
X-MOZ-RECEIVED-DTSTAMP,20160920T165521Z,f01c98fb-5b30-4ae4-8616-b5cbdb9545ae,98ch0fgruhu0otjfvefni6rprc@google.com,2016-09-20 16:55:20,2016-09-20 16:58:06,Database Weekly Update,,,2016-09-23 18:00:00,2016-09-23 18:30:00,1474390686000000,UTC,UTC
DESCRIPTION,since I'm out tomorrow afternoon.~~https://docs.google.com/a/natero.com/spreadsheets/d/1mbmLUZrC_-oQvfWiwMNAfqt3ud9Gs2r62ork3_loHIE/edit?usp=sharing~View your event at https://www.google.com/calendar/event?action=VIEW&eid=N2FmYW40bmRscTV0dHR1OHU2YTZsNTJvYTAgcm9uLnNhcnZlckBob3RzY2hlZHVsZXMuY29t&tok=MzIjbGF1cmEubWNkb25vdWdoQGhvdHNjaGVkdWxlcy5jb21lOTBjOWFlZDcxZjM4MjFkZTE2MmFmMWNiNzE2N2IxM2QwYjI1Yjcz&ctz=America/Port_of_Spain&hl=en.,f01c98fb-5b30-4ae4-8616-b5cbdb9545ae,7afan4ndlq5tttu8u6a6l52oa0@google.com,2016-09-21 15:23:16,2016-09-21 15:29:37,DW Sync Up,,,2016-09-21 19:00:00,2016-09-21 19:30:00,1474471777000000,UTC,UTC
X-LIC-ERROR,No value for LOCATION property. Removing entire property:,f01c98fb-5b30-4ae4-8616-b5cbdb9545ae,7afan4ndlq5tttu8u6a6l52oa0@google.com,2016-09-21 15:23:16,2016-09-21 15:29:37,DW Sync Up,,,2016-09-21 19:00:00,2016-09-21 19:30:00,1474471777000000,UTC,UTC
SEQUENCE,0,f01c98fb-5b30-4ae4-8616-b5cbdb9545ae,7afan4ndlq5tttu8u6a6l52oa0@google.com,2016-09-21 15:23:16,2016-09-21 15:29:37,DW Sync Up,,,2016-09-21 19:00:00,2016-09-21 19:30:00,1474471777000000,UTC,UTC
TRANSP,OPAQUE,f01c98fb-5b30-4ae4-8616-b5cbdb9545ae,7afan4ndlq5tttu8u6a6l52oa0@google.com,2016-09-21 15:23:16,2016-09-21 15:29:37,DW Sync Up,,,2016-09-21 19:00:00,2016-09-21 19:30:00,1474471777000000,UTC,UTC
X-MOZ-RECEIVED-SEQUENCE,0,f01c98fb-5b30-4ae4-8616-b5cbdb9545ae,7afan4ndlq5tttu8u6a6l52oa0@google.com,2016-09-21 15:23:16,2016-09-21 15:29:37,DW Sync Up,,,2016-09-21 19:00:00,2016-09-21 19:30:00,1474471777000000,UTC,UTC
X-MOZ-RECEIVED-DTSTAMP,20160921T152317Z,f01c98fb-5b30-4ae4-8616-b5cbdb9545ae,7afan4ndlq5tttu8u6a6l52oa0@google.com,2016-09-21 15:23:16,2016-09-21 15:29:37,DW Sync Up,,,2016-09-21 19:00:00,2016-09-21 19:30:00,1474471777000000,UTC,UTC
DESCRIPTION,Hi - Ron is flat out at the moment. As such I'm pushing this out, but this in no way diminishes it's importance.~~Hi - Speaking with Tom, I'd like to explore (bandwidth allowing) knowledge sharing from you Matt and Ron to Bruce and Tom on dumping out SQL or other file types from UA and putting them out for Bruce to work into some basic dimensions and measures. Then I can work with Tom to slice and dice on the file from UA using those dimensions and measures in QlikSense (either Desktop or the Cloud whatever makes sense) to provide executive analysis and potentially prove out a case for a UA integration into the DW.~~Benefits: ~1. Extending Qlik expertise which really lies with you Matt and Ron only at this point.~2. Potentially expediting the analysis of paper churn~3. Setting up common tools between SaaS and print even if we don't integrate UA into the DW any time soon~~Appreciate your support.~~View your event at https://www.google.com/calendar/event?action=VIEW&eid=ZGxoMmE4MDhlMHJnbW4xa2wxYnJjanFiNjQgcm9uLnNhcnZlckBob3RzY2hlZHVsZXMuY29t&tok=MzAjY2FybC5iZW5lZmllbEBob3RzY2hlZHVsZXMuY29tMjU5Y2Y3M2Q0M2JiYTliNDk0YmY3NTUxYzdhY2E2ZmMzZjNlMTE5ZA&ctz=America/Port_of_Spain&hl=en.,f01c98fb-5b30-4ae4-8616-b5cbdb9545ae,dlh2a808e0rgmn1kl1brcjqb64@google.com,2016-09-01 20:45:57,2016-09-22 17:16:00,Churn for Print Analysis Idea,,,2016-10-25 19:00:00,2016-10-25 20:00:00,1474564560000000,UTC,UTC
X-LIC-ERROR,No value for LOCATION property. Removing entire property:,f01c98fb-5b30-4ae4-8616-b5cbdb9545ae,dlh2a808e0rgmn1kl1brcjqb64@google.com,2016-09-01 20:45:57,2016-09-22 17:16:00,Churn for Print Analysis Idea,,,2016-10-25 19:00:00,2016-10-25 20:00:00,1474564560000000,UTC,UTC
SEQUENCE,2,f01c98fb-5b30-4ae4-8616-b5cbdb9545ae,dlh2a808e0rgmn1kl1brcjqb64@google.com,2016-09-01 20:45:57,2016-09-22 17:16:00,Churn for Print Analysis Idea,,,2016-10-25 19:00:00,2016-10-25 20:00:00,1474564560000000,UTC,UTC
TRANSP,OPAQUE,f01c98fb-5b30-4ae4-8616-b5cbdb9545ae,dlh2a808e0rgmn1kl1brcjqb64@google.com,2016-09-01 20:45:57,2016-09-22 17:16:00,Churn for Print Analysis Idea,,,2016-10-25 19:00:00,2016-10-25 20:00:00,1474564560000000,UTC,UTC
X-MOZ-RECEIVED-SEQUENCE,2,f01c98fb-5b30-4ae4-8616-b5cbdb9545ae,dlh2a808e0rgmn1kl1brcjqb64@google.com,2016-09-01 20:45:57,2016-09-22 17:16:00,Churn for Print Analysis Idea,,,2016-10-25 19:00:00,2016-10-25 20:00:00,1474564560000000,UTC,UTC
X-MOZ-RECEIVED-DTSTAMP,20160922T164037Z,f01c98fb-5b30-4ae4-8616-b5cbdb9545ae,dlh2a808e0rgmn1kl1brcjqb64@google.com,2016-09-01 20:45:57,2016-09-22 17:16:00,Churn for Print Analysis Idea,,,2016-10-25 19:00:00,2016-10-25 20:00:00,1474564560000000,UTC,UTC
X-MOZ-GENERATION,1,f01c98fb-5b30-4ae4-8616-b5cbdb9545ae,dlh2a808e0rgmn1kl1brcjqb64@google.com,2016-09-01 20:45:57,2016-09-22 17:16:00,Churn for Print Analysis Idea,,,2016-10-25 19:00:00,2016-10-25 20:00:00,1474564560000000,UTC,UTC
DESCRIPTION,View your event at https://www.google.com/calendar/event?action=VIEW&eid=anUyb3QyaTQxZjNiM2ZjcDdvN2w0NGlpNWMgcm9uLnNhcnZlckBob3RzY2hlZHVsZXMuY29t&tok=MzIjbGF1cmEubWNkb25vdWdoQGhvdHNjaGVkdWxlcy5jb21jMzUyNjU5ZWZmNTI2NTU3OWQzZjVjNzA1MzhhZjkwYzAwNWVkNmQ4&ctz=America/Port_of_Spain&hl=en.,f01c98fb-5b30-4ae4-8616-b5cbdb9545ae,ju2ot2i41f3b3fcp7o7l44ii5c@google.com,2016-09-25 14:56:26,2016-09-25 15:18:05,Sync Up,,,2016-09-26 14:30:00,2016-09-26 15:00:00,1474816685000000,UTC,UTC
X-LIC-ERROR,No value for LOCATION property. Removing entire property:,f01c98fb-5b30-4ae4-8616-b5cbdb9545ae,ju2ot2i41f3b3fcp7o7l44ii5c@google.com,2016-09-25 14:56:26,2016-09-25 15:18:05,Sync Up,,,2016-09-26 14:30:00,2016-09-26 15:00:00,1474816685000000,UTC,UTC
SEQUENCE,0,f01c98fb-5b30-4ae4-8616-b5cbdb9545ae,ju2ot2i41f3b3fcp7o7l44ii5c@google.com,2016-09-25 14:56:26,2016-09-25 15:18:05,Sync Up,,,2016-09-26 14:30:00,2016-09-26 15:00:00,1474816685000000,UTC,UTC
TRANSP,OPAQUE,f01c98fb-5b30-4ae4-8616-b5cbdb9545ae,ju2ot2i41f3b3fcp7o7l44ii5c@google.com,2016-09-25 14:56:26,2016-09-25 15:18:05,Sync Up,,,2016-09-26 14:30:00,2016-09-26 15:00:00,1474816685000000,UTC,UTC
X-MOZ-RECEIVED-SEQUENCE,0,f01c98fb-5b30-4ae4-8616-b5cbdb9545ae,ju2ot2i41f3b3fcp7o7l44ii5c@google.com,2016-09-25 14:56:26,2016-09-25 15:18:05,Sync Up,,,2016-09-26 14:30:00,2016-09-26 15:00:00,1474816685000000,UTC,UTC
X-MOZ-RECEIVED-DTSTAMP,20160925T145627Z,f01c98fb-5b30-4ae4-8616-b5cbdb9545ae,ju2ot2i41f3b3fcp7o7l44ii5c@google.com,2016-09-25 14:56:26,2016-09-25 15:18:05,Sync Up,,,2016-09-26 14:30:00,2016-09-26 15:00:00,1474816685000000,UTC,UTC
DESCRIPTION,Weekly catchup~View your event at https://www.google.com/calendar/event?action=VIEW&eid=OXU0anFidWplNW5uOXVnaTJta3Voa2I2Ym8gcm9uLnNhcnZlckBob3RzY2hlZHVsZXMuY29t&tok=MzMjbWF0dGhldy53b29kaW5nc0Bob3RzY2hlZHVsZXMuY29tZjlkMDkxM2VlZjMzMGU2YTQ5MTJiOWVlNjhiY2ZkN2IwZWZjMzc2Yw&ctz=America/Port_of_Spain&hl=en.,f01c98fb-5b30-4ae4-8616-b5cbdb9545ae,9u4jqbuje5nn9ugi2mkuhkb6bo@google.com,2015-04-02 15:03:08,2016-09-26 14:13:25,Ron Weekly,,,2015-11-04 15:30:00,2015-11-04 16:00:00,1474899205000000,America/Chicago,America/Chicago
LOCATION,Matt's Office,f01c98fb-5b30-4ae4-8616-b5cbdb9545ae,9u4jqbuje5nn9ugi2mkuhkb6bo@google.com,2015-04-02 15:03:08,2016-09-26 14:13:25,Ron Weekly,,,2015-11-04 15:30:00,2015-11-04 16:00:00,1474899205000000,America/Chicago,America/Chicago
SEQUENCE,1,f01c98fb-5b30-4ae4-8616-b5cbdb9545ae,9u4jqbuje5nn9ugi2mkuhkb6bo@google.com,2015-04-02 15:03:08,2016-09-26 14:13:25,Ron Weekly,,,2015-11-04 15:30:00,2015-11-04 16:00:00,1474899205000000,America/Chicago,America/Chicago
TRANSP,OPAQUE,f01c98fb-5b30-4ae4-8616-b5cbdb9545ae,9u4jqbuje5nn9ugi2mkuhkb6bo@google.com,2015-04-02 15:03:08,2016-09-26 14:13:25,Ron Weekly,,,2015-11-04 15:30:00,2015-11-04 16:00:00,1474899205000000,America/Chicago,America/Chicago
X-MOZ-RECEIVED-SEQUENCE,1,f01c98fb-5b30-4ae4-8616-b5cbdb9545ae,9u4jqbuje5nn9ugi2mkuhkb6bo@google.com,2015-04-02 15:03:08,2016-09-26 14:13:25,Ron Weekly,,,2015-11-04 15:30:00,2015-11-04 16:00:00,1474899205000000,America/Chicago,America/Chicago
X-MOZ-RECEIVED-DTSTAMP,20160926T141146Z,f01c98fb-5b30-4ae4-8616-b5cbdb9545ae,9u4jqbuje5nn9ugi2mkuhkb6bo@google.com,2015-04-02 15:03:08,2016-09-26 14:13:25,Ron Weekly,,,2015-11-04 15:30:00,2015-11-04 16:00:00,1474899205000000,America/Chicago,America/Chicago
X-MOZ-GENERATION,2,f01c98fb-5b30-4ae4-8616-b5cbdb9545ae,9u4jqbuje5nn9ugi2mkuhkb6bo@google.com,2015-04-02 15:03:08,2016-09-26 14:13:25,Ron Weekly,,,2015-11-04 15:30:00,2015-11-04 16:00:00,1474899205000000,America/Chicago,America/Chicago
DESCRIPTION,Review check-in requirements for your airport at http://www.delta.com/traveling_checkin/itineraries_checkin/requirements/index.jsp~~Itinerary Details:~~Delta Air Lines, Inc.~Flight: 1984~Departs: Austin-Bergstrom International on Sat, 11 Jun 2016 5:48 AM~Arrives: Hartsfield-Jackson Atlanta Intl on Sat, 11 Jun 2016 9:04 AM~~Delta Air Lines, Inc.~Flight: 735~Departs: Hartsfield-Jackson Atlanta Intl on Sat, 11 Jun 2016 10:55 AM~Arrives: Henry E Rohlsen Arpt on Sat, 11 Jun 2016 2:48 PM~~Hyannis Air Service, Inc. d b a Cape Air 9K 2601~Flight: 2601~Departs: Henry E Rohlsen Arpt on Wed, 26 Oct 2016 12:18 PM~Arrives: Luis Munoz Marin Intl Arpt on Wed, 26 Oct 2016 1:01 PM~~Delta Air Lines, Inc.~Flight: 506~Departs: Luis Munoz Marin Intl Arpt on Wed, 26 Oct 2016 2:14 PM~Arrives: Hartsfield-Jackson Atlanta Intl on Wed, 26 Oct 2016 6:04 PM~~Delta Air Lines, Inc.~Flight: 1309~Departs: Hartsfield-Jackson Atlanta Intl on Wed, 26 Oct 2016 7:15 PM~Arrives: Austin-Bergstrom International on Wed, 26 Oct 2016 8:46 PM~~All times are local.,fc98e69e-843f-42cd-8c2a-da2bca2452b8,44030bb8-3286-4081-88e8-481d3f819fb9,,2016-10-16 20:25:41,Your Itinerary: AUS-STX, GNXV3E,1,,2016-06-11 05:48:00,2016-06-11 13:48:00,1476649541000000,floating,floating
LOCATION,Austin-Bergstrom International,fc98e69e-843f-42cd-8c2a-da2bca2452b8,44030bb8-3286-4081-88e8-481d3f819fb9,,2016-10-16 20:25:41,Your Itinerary: AUS-STX, GNXV3E,1,,2016-06-11 05:48:00,2016-06-11 13:48:00,1476649541000000,floating,floating
SEQUENCE,0,fc98e69e-843f-42cd-8c2a-da2bca2452b8,44030bb8-3286-4081-88e8-481d3f819fb9,,2016-10-16 20:25:41,Your Itinerary: AUS-STX, GNXV3E,1,,2016-06-11 05:48:00,2016-06-11 13:48:00,1476649541000000,floating,floating
URL,http://www.delta.com/traveling_checkin/itineraries_checkin/requirements/index.jsp,fc98e69e-843f-42cd-8c2a-da2bca2452b8,44030bb8-3286-4081-88e8-481d3f819fb9,,2016-10-16 20:25:41,Your Itinerary: AUS-STX, GNXV3E,1,,2016-06-11 05:48:00,2016-06-11 13:48:00,1476649541000000,floating,floating
CATEGORIES,Travel,fc98e69e-843f-42cd-8c2a-da2bca2452b8,44030bb8-3286-4081-88e8-481d3f819fb9,,2016-10-16 20:25:41,Your Itinerary: AUS-STX, GNXV3E,1,,2016-06-11 05:48:00,2016-06-11 13:48:00,1476649541000000,floating,floating
DESCRIPTION,Review check-in requirements for your airport at http://www.delta.com/traveling_checkin/itineraries_checkin/requirements/index.jsp~~Itinerary Details:~~Delta Air Lines, Inc.~Flight: 1984~Departs: Austin-Bergstrom International on Sat, 11 Jun 2016 5:48 AM~Arrives: Hartsfield-Jackson Atlanta Intl on Sat, 11 Jun 2016 9:04 AM~~Delta Air Lines, Inc.~Flight: 735~Departs: Hartsfield-Jackson Atlanta Intl on Sat, 11 Jun 2016 10:55 AM~Arrives: Henry E Rohlsen Arpt on Sat, 11 Jun 2016 2:48 PM~~Hyannis Air Service, Inc. d b a Cape Air 9K 2601~Flight: 2601~Departs: Henry E Rohlsen Arpt on Wed, 26 Oct 2016 12:18 PM~Arrives: Luis Munoz Marin Intl Arpt on Wed, 26 Oct 2016 1:01 PM~~Delta Air Lines, Inc.~Flight: 506~Departs: Luis Munoz Marin Intl Arpt on Wed, 26 Oct 2016 2:14 PM~Arrives: Hartsfield-Jackson Atlanta Intl on Wed, 26 Oct 2016 6:04 PM~~Delta Air Lines, Inc.~Flight: 1309~Departs: Hartsfield-Jackson Atlanta Intl on Wed, 26 Oct 2016 7:15 PM~Arrives: Austin-Bergstrom International on Wed, 26 Oct 2016 8:46 PM~~All times are local.,fc98e69e-843f-42cd-8c2a-da2bca2452b8,df82a9cd-c9f3-40a2-af0c-1c21cf20af65,,2016-10-16 20:25:52,Your Itinerary: AUS-STX, GNXV3E,1,,2016-06-11 05:48:00,2016-06-11 13:48:00,1476649552000000,floating,floating
LOCATION,Austin-Bergstrom International,fc98e69e-843f-42cd-8c2a-da2bca2452b8,df82a9cd-c9f3-40a2-af0c-1c21cf20af65,,2016-10-16 20:25:52,Your Itinerary: AUS-STX, GNXV3E,1,,2016-06-11 05:48:00,2016-06-11 13:48:00,1476649552000000,floating,floating
SEQUENCE,0,fc98e69e-843f-42cd-8c2a-da2bca2452b8,df82a9cd-c9f3-40a2-af0c-1c21cf20af65,,2016-10-16 20:25:52,Your Itinerary: AUS-STX, GNXV3E,1,,2016-06-11 05:48:00,2016-06-11 13:48:00,1476649552000000,floating,floating
URL,http://www.delta.com/traveling_checkin/itineraries_checkin/requirements/index.jsp,fc98e69e-843f-42cd-8c2a-da2bca2452b8,df82a9cd-c9f3-40a2-af0c-1c21cf20af65,,2016-10-16 20:25:52,Your Itinerary: AUS-STX, GNXV3E,1,,2016-06-11 05:48:00,2016-06-11 13:48:00,1476649552000000,floating,floating
X-MOZ-GENERATION,1,fc98e69e-843f-42cd-8c2a-da2bca2452b8,df82a9cd-c9f3-40a2-af0c-1c21cf20af65,,2016-10-16 20:25:52,Your Itinerary: AUS-STX, GNXV3E,1,,2016-06-11 05:48:00,2016-06-11 13:48:00,1476649552000000,floating,floating
CATEGORIES,Travel,fc98e69e-843f-42cd-8c2a-da2bca2452b8,df82a9cd-c9f3-40a2-af0c-1c21cf20af65,,2016-10-16 20:25:52,Your Itinerary: AUS-STX, GNXV3E,1,,2016-06-11 05:48:00,2016-06-11 13:48:00,1476649552000000,floating,floating
DESCRIPTION,Review check-in requirements for your airport at http://www.delta.com/traveling_checkin/itineraries_checkin/requirements/index.jsp~~Itinerary Details:~~Delta Air Lines, Inc.~Flight: 1984~Departs: Austin-Bergstrom International on Sat, 11 Jun 2016 5:48 AM~Arrives: Hartsfield-Jackson Atlanta Intl on Sat, 11 Jun 2016 9:04 AM~~Delta Air Lines, Inc.~Flight: 735~Departs: Hartsfield-Jackson Atlanta Intl on Sat, 11 Jun 2016 10:55 AM~Arrives: Henry E Rohlsen Arpt on Sat, 11 Jun 2016 2:48 PM~~Hyannis Air Service, Inc. d b a Cape Air 9K 2601~Flight: 2601~Departs: Henry E Rohlsen Arpt on Wed, 26 Oct 2016 12:18 PM~Arrives: Luis Munoz Marin Intl Arpt on Wed, 26 Oct 2016 1:01 PM~~Delta Air Lines, Inc.~Flight: 506~Departs: Luis Munoz Marin Intl Arpt on Wed, 26 Oct 2016 2:14 PM~Arrives: Hartsfield-Jackson Atlanta Intl on Wed, 26 Oct 2016 6:04 PM~~Delta Air Lines, Inc.~Flight: 1309~Departs: Hartsfield-Jackson Atlanta Intl on Wed, 26 Oct 2016 7:15 PM~Arrives: Austin-Bergstrom International on Wed, 26 Oct 2016 8:46 PM~~All times are local.,fc98e69e-843f-42cd-8c2a-da2bca2452b8,562a2a0d-0fe9-47e7-8bcd-7bb22454c8a3,,2016-10-16 20:26:11,Your Itinerary: AUS-STX, GNXV3E,1,,2016-06-11 05:48:00,2016-06-11 13:48:00,1476649571000000,floating,floating
LOCATION,Austin-Bergstrom International,fc98e69e-843f-42cd-8c2a-da2bca2452b8,562a2a0d-0fe9-47e7-8bcd-7bb22454c8a3,,2016-10-16 20:26:11,Your Itinerary: AUS-STX, GNXV3E,1,,2016-06-11 05:48:00,2016-06-11 13:48:00,1476649571000000,floating,floating
SEQUENCE,0,fc98e69e-843f-42cd-8c2a-da2bca2452b8,562a2a0d-0fe9-47e7-8bcd-7bb22454c8a3,,2016-10-16 20:26:11,Your Itinerary: AUS-STX, GNXV3E,1,,2016-06-11 05:48:00,2016-06-11 13:48:00,1476649571000000,floating,floating
URL,http://www.delta.com/traveling_checkin/itineraries_checkin/requirements/index.jsp,fc98e69e-843f-42cd-8c2a-da2bca2452b8,562a2a0d-0fe9-47e7-8bcd-7bb22454c8a3,,2016-10-16 20:26:11,Your Itinerary: AUS-STX, GNXV3E,1,,2016-06-11 05:48:00,2016-06-11 13:48:00,1476649571000000,floating,floating
X-MOZ-GENERATION,2,fc98e69e-843f-42cd-8c2a-da2bca2452b8,562a2a0d-0fe9-47e7-8bcd-7bb22454c8a3,,2016-10-16 20:26:11,Your Itinerary: AUS-STX, GNXV3E,1,,2016-06-11 05:48:00,2016-06-11 13:48:00,1476649571000000,floating,floating
CATEGORIES,Travel,fc98e69e-843f-42cd-8c2a-da2bca2452b8,562a2a0d-0fe9-47e7-8bcd-7bb22454c8a3,,2016-10-16 20:26:11,Your Itinerary: AUS-STX, GNXV3E,1,,2016-06-11 05:48:00,2016-06-11 13:48:00,1476649571000000,floating,floating
DESCRIPTION,Review check-in requirements for your airport at http://www.delta.com/traveling_checkin/itineraries_checkin/requirements/index.jsp~~Itinerary Details:~~Delta Air Lines, Inc.~Flight: 1984~Departs: Austin-Bergstrom International on Sat, 11 Jun 2016 5:48 AM~Arrives: Hartsfield-Jackson Atlanta Intl on Sat, 11 Jun 2016 9:04 AM~~Delta Air Lines, Inc.~Flight: 735~Departs: Hartsfield-Jackson Atlanta Intl on Sat, 11 Jun 2016 10:55 AM~Arrives: Henry E Rohlsen Arpt on Sat, 11 Jun 2016 2:48 PM~~Hyannis Air Service, Inc. d b a Cape Air 9K 2601~Flight: 2601~Departs: Henry E Rohlsen Arpt on Wed, 26 Oct 2016 12:18 PM~Arrives: Luis Munoz Marin Intl Arpt on Wed, 26 Oct 2016 1:01 PM~~Delta Air Lines, Inc.~Flight: 506~Departs: Luis Munoz Marin Intl Arpt on Wed, 26 Oct 2016 2:14 PM~Arrives: Hartsfield-Jackson Atlanta Intl on Wed, 26 Oct 2016 6:04 PM~~Delta Air Lines, Inc.~Flight: 1309~Departs: Hartsfield-Jackson Atlanta Intl on Wed, 26 Oct 2016 7:15 PM~Arrives: Austin-Bergstrom International on Wed, 26 Oct 2016 8:46 PM~~All times are local.,fc98e69e-843f-42cd-8c2a-da2bca2452b8,769fa158-0b42-4cbd-a162-993128508938,2016-10-25 09:27:05,2016-10-26 18:18:03,Your Itinerary: STX-AUS, GNXV3E,1,,2016-10-26 11:18:00,2016-10-26 20:46:00,1477505883000000,floating,floating
LOCATION,Henry E Rohlsen Arpt,fc98e69e-843f-42cd-8c2a-da2bca2452b8,769fa158-0b42-4cbd-a162-993128508938,2016-10-25 09:27:05,2016-10-26 18:18:03,Your Itinerary: STX-AUS, GNXV3E,1,,2016-10-26 11:18:00,2016-10-26 20:46:00,1477505883000000,floating,floating
SEQUENCE,0,fc98e69e-843f-42cd-8c2a-da2bca2452b8,769fa158-0b42-4cbd-a162-993128508938,2016-10-25 09:27:05,2016-10-26 18:18:03,Your Itinerary: STX-AUS, GNXV3E,1,,2016-10-26 11:18:00,2016-10-26 20:46:00,1477505883000000,floating,floating
URL,http://www.delta.com/traveling_checkin/itineraries_checkin/requirements/index.jsp,fc98e69e-843f-42cd-8c2a-da2bca2452b8,769fa158-0b42-4cbd-a162-993128508938,2016-10-25 09:27:05,2016-10-26 18:18:03,Your Itinerary: STX-AUS, GNXV3E,1,,2016-10-26 11:18:00,2016-10-26 20:46:00,1477505883000000,floating,floating
X-MOZ-GENERATION,2,fc98e69e-843f-42cd-8c2a-da2bca2452b8,769fa158-0b42-4cbd-a162-993128508938,2016-10-25 09:27:05,2016-10-26 18:18:03,Your Itinerary: STX-AUS, GNXV3E,1,,2016-10-26 11:18:00,2016-10-26 20:46:00,1477505883000000,floating,floating
CATEGORIES,Travel,fc98e69e-843f-42cd-8c2a-da2bca2452b8,769fa158-0b42-4cbd-a162-993128508938,2016-10-25 09:27:05,2016-10-26 18:18:03,Your Itinerary: STX-AUS, GNXV3E,1,,2016-10-26 11:18:00,2016-10-26 20:46:00,1477505883000000,floating,floating
